Battery Age,Daily Usage Hours,Gaming User,Design Capacity,Cycle Count,CPU Usage,GPU Usage,Power Consumption,Average Temperature,Full Charge Capacity,Battery Health
5,9.797617008903616,0,57884,1267,64.58776449588228,43.887115261913884,84.3662450487442,35.645636071950946,44961.93522004144,76.92338257709525
9,7.101557272672039,0,63824,1500,45.54218224425829,36.53414366312722,80.62904183476913,31.782432087852875,46619.66559041969,73.496152972842
9,10.085255394050177,0,79414,1500,64.6405157397065,52.238348785351306,87.85350412712125,32.1228793567835,63343.41998870712,81.5140411253586
5,7.946046718413227,0,61142,1153,55.09572397812439,30.535647186029276,69.68601165007384,30.371133284938274,50407.43883308225,79.74210025092489
7,9.62846020534077,0,50956,1500,60.14575632672773,36.74948906827348,64.73412282343938,27.53623242464243,34757.37798214062,67.88255162043846
7,7.584192925395359,0,58928,1500,56.55680070189468,37.835722036407226,79.71285086856241,32.09654425688939,43334.54796203826,70.9800713998168
8,5.555551750372328,1,54721,1500,67.62229566851707,73.19730465133908,83.96047572386627,34.940726750781906,37844.84485433309,69.58005925289392
7,11.537404459187513,0,56157,1500,83.14206508610339,60.329309778944136,116.21284653167744,34.605075356973046,40967.426950675035,74.85030645839515
1,6.952252073667292,0,51696,161,54.52971187147074,33.19179191414493,76.28010661803394,28.87221518305992,50087.39442965896,96.91653395756144
9,7.655984703945922,0,72862,1500,55.02362911499729,41.23222168226808,95.94866713648759,29.625279967729202,55898.82990276597,75.86493478117586
0,3.425364033562242,0,50190,0,46.353391541297164,28.79243514850086,65.32287736762558,29.63778271292781,50123.80081295077,100.0
9,7.882158683700041,0,49663,1500,52.86429928903388,40.48713723918514,79.32347668173824,29.857824489519384,33855.22048348872,68.78859788209674
1,7.287684144312382,0,49331,226,54.495300059383645,40.30257003098451,70.63109617126108,32.05563728161366,45737.10274373349,93.43914879970792
1,3.0332223774172746,0,73549,264,31.279514205082414,18.22321268585836,47.53307816287356,31.543483734296487,69903.54140381196,93.22108746700299
2,1.6554580708845807,0,61246,667,27.264628820462022,18.821422440235835,37.357217241808684,28.927880351828506,55375.467680621165,90.78005955837284
9,7.647952516862482,1,70761,1500,90.72034441964551,88.40297614010888,107.0520255333004,33.393977721957,54304.58227661913,77.01991360711747
6,9.400614962853526,0,48262,1500,64.74782169732443,37.755325959474085,79.24233845343825,31.07432382543351,33205.86664043904,70.22577978647719
1,6.75741508014209,0,52036,247,53.996044877286444,39.00166664257537,71.5050001982689,30.862567182454573,50314.38870930116,96.57808675621801
0,3.4944988785161026,1,67322,33,59.72055444084756,57.37679082105872,75.91293834624996,28.75315380285117,67322.0,100.0
5,8.331741743623384,0,64131,1241,55.627957975797926,38.874820146063314,65.62433091993722,31.454476997810815,53075.08324347506,82.88392021268622
8,1.8811629927056246,0,49677,1500,32.59725276484314,24.64912588281932,52.14267452597935,27.00977958094477,34392.94928028384,68.51602482011441
2,5.8601707528215,0,52972,458,47.2851345817543,41.15227010294137,60.202241802270606,32.04851698256341,48728.58041035125,90.48464310046697
5,2.797034342382622,0,60329,1217,30.226789936204053,21.053561831990756,51.51601551351893,28.394786992137657,48049.8314436253,78.87553985569187
2,3.029049561658717,1,65493,547,56.379026762875995,65.3274213709009,77.99441340621412,32.90117127410178,60001.669349491116,90.41691437950713
0,3.22523344074024,1,63595,12,65.95914760937595,62.80941057956714,93.02702969481832,29.495623744019372,63496.40792125787,99.61093737713178
4,5.253777627483757,0,66923,974,37.361561032506486,24.173012470820634,45.297745958433296,30.27133890622635,57309.38388425144,88.1648997122263
9,1.562652261824374,0,54735,1500,17.43243203027134,14.55093680458467,28.56280300585322,30.010078979781973,37269.61521487594,65.90204826926708
3,5.3757278502200805,0,79457,747,42.45326800624501,30.524331797999352,41.83627742402515,25.783747275821067,72191.87526441779,88.77290716261147
6,6.628781918261709,0,52727,1497,36.131446923665095,23.978337319256358,52.38580489395435,28.96385717260496,37556.33880530102,70.87595427012037
5,6.316237134629577,0,52764,1263,49.63656925500276,33.32354069575119,78.07623003930517,31.91587068138694,40445.640652183756,74.60947231157942
9,5.210625104433446,0,72599,1500,42.93784650587368,35.389670777785575,74.63618980374711,31.73863090452509,55636.859755107726,75.16294388199799
6,10.230612688778278,1,45818,1404,94.38904565071209,84.91856327138817,121.68524905380863,34.055713755870734,31058.459952503348,68.29533014772989
4,2.5985936166255454,1,78892,1065,56.682377290327544,55.594266820364886,65.79844392523061,29.232204876850123,68556.57145802093,86.82036351264095
3,6.562664181595114,0,50660,709,47.216716384643576,29.63219897221962,69.89713086276734,31.09829636085677,43869.816350640336,87.25432255725227
6,1.6824555865220971,0,74521,1492,19.46664104487378,16.306253274138108,41.6384414521609,29.03618317134003,59101.85272640411,80.19557741753717
6,1.7827124676570072,0,79470,1500,24.8364254757765,26.411587637893362,44.85562382688187,27.333640079785535,65525.36574697516,84.46684892143591
5,7.312524346448059,0,63385,1244,50.31564708031272,33.12502222302697,76.4108283830104,29.4627823528607,51982.879535479966,82.57987692648085
7,7.22620267376603,0,68296,1500,51.69327413527325,44.77979399611833,78.32941897369123,33.68910496148783,51530.13902139476,77.2586531263146
3,10.658368641289027,0,68616,803,67.51320027977143,47.2158771256007,99.80825107295031,33.199997597246025,60070.37844010547,87.70634225527678
9,7.136610432260805,0,71382,1500,48.92040879884779,33.12503723927491,54.66965322736186,24.830163222190144,54974.96601957584,77.60081140876422
4,11.557701224453352,0,56139,1072,74.18096923945495,48.28557018109146,78.03192417634149,33.677576050811936,45859.617077606796,82.2556894405864
3,1.5356433323992276,0,77060,802,26.58371587665369,17.81654591266098,35.586666876463035,26.652647243434465,70849.87197807558,92.36801527570374
0,2.078084532588152,1,67419,109,52.76657693710127,53.912041295362734,76.33579472441217,31.240344223812716,66659.71542404681,99.18229571896364
7,1.4847244772741952,0,72785,1500,24.400988844600764,13.7351688951778,54.21355579272064,30.086813021686382,57191.87392454836,81.30793223720356
0,3.0380453536689402,0,60702,82,32.787378820915656,16.34296410421831,42.85516914182838,25.461046646824016,59135.57175312831,98.46662267716435
4,6.953971220358459,0,74217,1033,43.350536691759444,37.40984242283006,59.89760978200482,29.214203767520942,62684.68528361684,83.790275809822
5,8.101293995701708,0,57397,1170,60.38919235427758,46.52997841413021,82.83684008774864,34.26209539168782,45430.062203133435,82.66572407502923
5,1.5014367374353568,1,71940,1094,62.78944034045673,65.03900970880969,96.93841264103492,34.933791803286255,62333.90815357977,86.08149872568897
4,11.405679788301592,0,73341,952,71.58792048819524,49.535480495000336,69.82615978590002,30.00537428910533,63555.58501891552,86.64980422269848
2,10.263819143154192,0,55067,517,65.46311867225081,45.80186187950837,90.49652115261335,33.67138927573795,49312.81468977919,88.3046280762455
4,4.2627373037280245,0,58824,1026,35.248655710663385,21.56642328189488,46.6906746198657,30.430303875508677,48977.65551800203,84.33701708725923
7,1.8490628324911476,0,58444,1500,27.348342936452255,14.608434055578314,42.89382507797949,30.02450889189061,41339.54780167451,73.26895778321379
1,2.86875780540963,0,78307,246,31.89768166029721,25.198033615131678,63.08373886564446,27.754648254285954,75902.43218988446,94.69255856731321
5,2.3963885513046996,0,55974,1242,19.02863674491923,12.271154941074421,35.82121072313297,31.14799739832959,44197.50254737954,78.54471567103012
8,2.3561215722884152,0,74290,1500,22.45000261027127,17.01794467930545,29.724009744328228,26.450235460234705,57531.95264006056,79.1173119966469
7,6.704178575323073,0,61016,1500,51.0574571260738,29.090464133758914,53.38846393507617,29.489750800317854,46611.09581525129,74.8026193731083
7,3.704321867427403,0,77112,1500,32.79650048773826,21.6958351335181,50.29292281036712,28.32087222006698,62139.746039524696,81.44532952950983
7,4.9395368818205885,0,73513,1500,33.86709487290534,19.093527193283947,47.192102639067144,29.23489046810407,59115.33698847364,78.46264587560678
6,11.884558667227546,0,47956,1445,81.92409423757782,59.283088975684215,99.27178642374507,31.21321412597763,32294.94990376057,67.95477282919298
7,8.527456738178792,0,53077,1500,53.63871735960406,41.52821356203158,69.73711334854111,30.12872321483102,37432.43992638702,70.64151093912278
5,11.438787337517015,0,79938,1191,72.37282229756971,56.499773165154075,101.60499476339783,33.49391393844348,68647.70125482259,90.85255509469779
1,2.5681221053642718,0,63000,241,26.983014969676493,16.37219154699011,44.57404267382151,31.015221370410064,59373.71304557016,95.36069122072813
1,5.203534223158262,0,58806,367,35.62422711103852,20.425362609597485,37.48339631521354,30.206528663231133,56127.65735074368,92.18682478476255
7,7.102049836105897,0,57809,1500,51.435023191431654,34.33014180211308,74.55834875082279,33.273773937624476,42165.12248698587,72.82656236802654
0,1.8443386807761182,0,59855,0,26.18222782137769,15.530307786909532,58.724658139562806,31.435277133689468,59855.0,100.0
5,1.0460618799075365,0,74388,1227,17.891929240389544,14.249283972858429,39.0992473801685,31.821290515503467,62245.97604911342,83.05770625343428
5,8.374777671766093,0,51458,1176,55.192927036883056,33.02391975731453,71.4881190083097,30.13876771503032,40678.66113426958,78.36730537672253
3,8.060014684815789,0,51853,828,58.30250863789201,33.79417579740145,65.63951298493426,29.935624678215504,42695.472000329915,81.7278272802057
9,5.51867690999573,0,77222,1500,32.71769322166171,21.516592065733697,48.4493060502071,28.478058596358967,60985.25623274321,79.79467940003597
2,6.386084836352359,0,63320,541,42.70540493052319,32.799807708963925,66.04610688874187,30.161427033103607,56782.74777730371,87.79294433645411
2,5.569873006512986,0,73618,547,43.91653951522683,26.631750896296303,68.72011968511563,27.62516815177876,68577.63063474085,92.31105802162313
0,1.2640554932937773,0,62352,0,18.686583831518305,16.477061864488448,43.01848346259845,28.971000253542528,62352.0,100.0
2,4.689087668392087,0,52297,407,35.740293023313185,26.479556052426965,69.2282808685132,31.530372518384628,47812.93474982235,90.69518036268207
3,2.947904809370188,0,72940,783,34.247986777831784,30.160773091439744,56.41694112482762,28.9985417293495,64548.96222009977,87.67561339642208
4,2.082666080115056,0,48203,1053,22.24670899038687,12.363677627522451,30.556300179845103,23.929822740241857,37518.707196002826,75.77026205929035
2,11.523924772782848,1,62273,596,100.0,83.57411253281255,113.04261314009605,34.086270193959216,56583.12213595192,91.83188075243017
5,7.592956975463822,0,70368,1237,44.19222198787452,33.328722432372594,73.05498826393263,28.254985553886257,58199.34942264212,83.34528368832203
4,9.015219126602629,0,56650,979,49.016126466902804,35.430786678211,75.18188501621597,31.86917297480505,48363.85278123463,86.83163185809656
2,4.469001175927293,0,75984,485,41.73968668697875,30.0277727096632,46.900865820243766,28.99069253336108,71802.733186035,94.3277746652295
5,5.324618424434167,0,52382,1290,36.70333582531059,21.50102426070028,51.096448102049315,29.522460101552564,39092.482543383994,75.10328360067993
5,3.606163932863958,0,45801,1233,28.19545172295482,22.837418635371026,46.9504298824783,26.633961044133898,33900.50051965298,74.47799824147381
7,2.0666223806196724,0,64733,1500,30.256778272196748,18.646041562237436,41.46482487805388,30.84035352128778,49938.05526278469,75.00718170204577
1,2.969348011857422,0,54969,299,27.360397129054803,19.96051990504489,35.11351379436701,28.14949949529791,51552.22648939489,97.31434889341786
0,9.772654498261344,0,61733,0,68.41508157063124,46.052284652438104,77.88635794381156,29.402433992550662,61733.0,100.0
3,8.453003857021535,0,77449,833,54.21295957134538,39.3665980610791,64.58428628282712,31.326026200344103,68095.61277242789,88.0416657278981
6,7.0162176358402455,0,71143,1500,51.89374578907776,31.545100247094474,55.8170498832089,29.66083476284414,55589.08420995027,77.80078673404229
9,6.225988601534449,0,70705,1500,43.57283060778014,32.499694654430066,69.0260682532093,34.195919472815035,53065.61546329095,77.03807127336486
2,11.146777120217369,0,73363,469,66.1348242217354,48.924733993310554,86.40683409563579,30.806797811341504,68442.15437183915,93.4363550362879
2,1.8000844255653523,0,75720,378,32.65342891550035,23.321312873981032,47.53973249499509,26.308111723315555,71317.0836137009,95.55569984991433
4,4.086608945617076,0,54972,988,41.01535560988451,35.28633582772593,45.687833185151256,29.233720076700063,44750.43535664529,80.53883729808673
4,4.849316389277854,0,78351,970,35.61337853172587,25.75800625545763,51.85442137208577,31.172805448040148,69243.38076375742,87.06269970264157
9,9.606683934340666,0,67412,1500,62.14143948763113,47.174022681488466,85.04032002996736,36.44916368724199,50984.46594097157,74.6639565204676
2,11.917660821781684,0,69078,447,81.96943810096482,57.74827386187157,92.1674479613629,39.21062019564734,65142.258477260424,92.21302366599768
8,3.6473756623286837,0,67580,1500,28.29577623633581,23.124638821453956,39.34005890762357,25.043107800830217,52881.0802158785,78.88488325257447
3,10.617380675507887,0,59855,784,63.416363193499,38.2582369728036,76.19476026409579,30.825105549846217,53758.7327397074,92.01528927673213
2,10.136850364749705,0,64569,515,68.0345541852728,47.755967119191304,87.37926669545094,29.50191584892132,59337.15670592272,93.56533084883868
1,3.4712313740594327,0,70738,318,43.70862967160326,26.088299318928836,43.26988053625025,27.966822868139047,68121.79625791022,98.27856837119646
9,5.392658382191448,0,51772,1500,42.232449670294486,30.124423551653276,71.23375468109575,35.65318785906269,35148.192791760695,66.46484344601059
8,5.50640156221771,0,69874,1500,47.78106400852205,34.98351564600573,56.16737977022161,27.85396772579356,54685.35953218377,77.82042099104208
3,11.760427353792142,0,64731,774,68.71493798751737,51.330447043445574,83.51192454905626,31.637051276252837,57694.752089353155,90.58201157034216
2,2.9898109151678813,0,55131,447,31.75431628551957,24.187661105486026,60.596588581674354,28.686004426413223,50026.5688441502,92.56368989883585
6,9.790737682152603,0,45788,1438,62.155614851505206,42.16151853694508,79.3770006243188,29.34356854015563,30873.303563796264,68.5394041510499
7,4.67611985590421,0,61184,1500,47.71372467265479,30.385225317415113,72.58957893557996,34.392746319532904,46792.83708583003,75.63480557488248
1,9.039573803537765,0,75897,304,68.19132323975448,38.36383226886148,92.52614176184898,29.32357659732324,72525.66390978162,93.99558454654594
6,5.620121047252291,0,47889,1438,54.49768892051827,38.42379255576499,60.23310134893198,29.653620631273178,33295.56372360134,69.87600434362729
4,7.361957394281941,0,54569,921,48.33234052592267,38.384085225382,75.40779817130752,31.20855026875093,45741.03272722618,82.48478947356709
4,10.158729506587441,0,66657,961,65.97113856996691,46.613370865569614,93.49326340824346,32.413361295198264,56836.53950280993,85.95813464722255
2,9.845821214822726,0,55141,491,66.10494069573393,45.9344517221009,79.62374589587652,30.738481988208243,51440.17214323056,95.16445596847736
4,10.530655018936702,0,64656,975,64.37093691305408,45.6318849933355,79.0687924320984,34.55418922840328,55682.484804487874,86.40477419923864
1,1.6557905787912492,0,66618,259,23.93422889259326,15.203122625042894,26.657748124439692,22.908857486727882,63338.66447864482,93.11865938306204
3,8.612556083437193,0,56934,805,62.60767059898011,44.60524096264829,86.11585845471006,32.76217216401612,48525.594710784215,84.46736742715728
5,2.5398611439393917,0,68286,1277,24.94747808103944,15.843380011477242,22.611230331550757,27.770897091503308,56040.04923296979,83.36369923422424
0,5.574004248202521,1,52612,32,69.35323894232748,64.9517416635429,101.83827670967489,33.72104166157699,52314.380875532835,100.0
9,7.034472565601574,0,77069,1500,46.324083947158535,32.125664384443304,52.515927349591166,27.539586474585708,59016.55279618988,77.40709208257047
3,5.430134332215138,0,61205,653,35.43215973713225,24.414100053533904,64.59185548180984,32.57741058984661,53704.29370228492,90.39838947588882
5,6.715728433833083,0,72331,1202,52.848606504633,44.49470490174824,77.12670383384865,33.480096765103674,60402.276237736885,84.03174862867542
8,11.96178939678481,0,58934,1500,71.28060530529464,46.6736637416978,94.17693663495122,30.801977416384368,43646.43903336977,74.53614757938665
1,2.487390450841402,0,55095,300,23.38141560296301,15.729224106002095,35.391245648134685,25.43553386802846,52918.87762974968,97.33524928877948
6,8.430016498700681,0,70958,1447,59.795431669367105,40.830140863110884,65.62470067163372,27.46777078838317,57952.26956408332,79.9114845800552
5,5.356010630241768,0,63706,1290,41.72697304679627,27.418149802435618,44.636281418709245,29.02171283746115,50332.831149883554,78.34032627238422
1,2.4631077879806167,0,76472,202,24.6878871393776,19.333941953990923,53.209327358429015,29.350310267450702,73841.09265617172,95.45191700967672
7,2.7461043971174046,0,79629,1500,32.78366603891703,31.900418298538796,60.92392932513065,29.15169850984679,64108.73747947186,81.49165471925262
6,11.442004168701786,0,68004,1430,69.3827901839718,47.28464434209782,90.85930065002616,36.4313786520672,52223.22113422324,74.69999447489513
4,10.675616463829382,0,65431,1135,57.49332745767719,42.30890718685219,77.98198903666314,30.316390392218263,54348.53981855926,83.9075426332471
4,10.97746156456524,0,79502,951,76.55352276635527,45.937977972659844,93.25207530685022,32.83516580384342,69737.59611918748,87.39288542607487
6,11.906860534101252,0,76385,1500,70.39332529205961,47.701209584505605,83.7532795789542,31.311651243485432,62018.374286820224,80.65758951171131
8,3.2914692900936977,0,49663,1500,27.862575556192162,25.72476744778331,52.54233412836238,33.12962280059107,34432.21647884885,70.69946961546904
8,4.909832711004679,0,57818,1500,35.97647825013315,24.96361320130128,47.2129980345722,24.797705221511492,42103.81884963397,70.82305186192109
8,8.361409329173533,1,67686,1500,87.10505159074086,82.98289617355577,111.01261425024089,33.261189209410475,51688.299496676766,75.63180520981871
5,6.32182793846712,0,68977,1266,45.23792740630415,29.17554463989615,86.0771647277258,33.1146841544062,56640.21235317117,86.5089161622054
9,5.602284867161669,0,63454,1500,47.951779900099034,34.59647469749518,66.38067606426809,29.865677629485667,46319.737704635205,75.77297656663508
5,4.935923742691523,0,58358,1281,47.90518867600964,40.06473706035107,53.00251483293201,26.631535950273683,45543.85848895801,75.32056285600476
2,7.5315869513779745,0,51668,548,49.261937364728034,29.84302430623321,61.209954527121816,30.249990429981203,46297.41281509779,88.84424827757502
0,7.331527715040902,0,54921,0,46.96760145504577,41.62349103923519,60.532127345497294,26.599923108709007,54860.931831205686,99.98485106028798
6,2.7760361747066407,0,79959,1460,26.27067400009735,12.205695072491975,43.13900005403146,29.791589685506036,65142.17922413535,79.35266676352632
3,6.189138212702829,0,77328,752,48.140982520115664,31.756680390138932,57.648056804549554,28.78531870651057,69314.98464995975,92.66467411363763
0,7.088189538308349,1,53859,41,79.85914284772883,72.55773125429184,102.49970032333447,32.03703210927121,52710.51791260316,97.91198525538829
7,7.273156326045295,0,68970,1500,48.8637240791789,33.11476292835625,59.95689578151352,31.88886399296784,53305.9277946526,77.0096890759173
5,3.31117912203587,0,53872,1296,25.070843126347032,14.15397868714662,43.69696816495766,26.48930905099308,41479.47972907838,77.56795910301652
5,9.164985314775155,0,64230,1287,49.78048235987361,31.14745899793973,60.42282830862895,26.74889315225681,50044.07603196845,78.46156131305771
1,1.277190043031766,0,71708,236,16.362362439151667,6.706667285359684,36.02579168616314,26.0610981560281,68922.17467723963,94.83351074127434
0,4.903150410974789,1,63847,0,75.83783136413334,75.66269646911822,118.92269872542889,38.60781721158127,63847.0,100.0
1,9.582339133891969,0,72105,219,65.09165953478083,44.61232969058426,72.12586283365683,28.762693861751682,69698.61858580551,96.90572443897157
3,7.202822131609426,0,49922,854,50.05643404435946,33.04146215225359,72.34543321169022,31.518681395687576,41711.079801961874,85.51562134472275
1,3.872786757619463,0,49392,270,38.01286777088426,27.738035081947626,37.054100102489286,29.651034576028554,48202.983050936666,96.72923569951202
0,8.644484312773525,0,58541,0,51.78300578836053,30.269562007490133,64.34241297823641,28.26789316899551,58541.0,97.30610545254393
6,7.241300385716807,0,64551,1500,51.49025218636214,37.268666706318875,71.35972287258132,28.8318688327522,49824.81481992999,79.34267990080306
7,9.75867970402026,0,64381,1500,54.86162289840159,38.02805842479613,65.9469014807318,30.636069388365737,48152.8826607549,75.90421806828796
5,9.085277048088058,0,67948,1211,62.1564803712077,43.25738493972848,64.62343810853807,30.620519483484863,56010.25870899455,84.18338723457242
3,7.711187142398581,0,71728,824,54.853511592220045,40.47412511818181,72.84485128426398,33.522822274345735,63624.16233224945,90.5465866950065
5,6.369954428418954,0,47024,1279,48.26631325803801,40.36051531580057,81.39696878461338,29.973294653938332,35031.93079546014,74.52690866322662
2,2.4650033823427577,0,61713,434,33.16310731151292,24.506074085878474,50.97930657637999,28.32383750190554,58262.85821174276,93.85897822273581
7,3.8746631967392213,1,47486,1500,68.25328996634165,66.97780494522003,98.90946624388387,38.58955001083896,32010.249528038003,65.47757514487864
9,5.610094202087938,0,46155,1500,37.00590293380336,21.173554503358613,61.805364146052234,26.35917866681362,29960.676761747207,65.74031667713228
1,7.5922921570702755,0,55082,239,58.875057424754765,31.649268494793226,90.92146506629697,28.278340918332574,51158.100519004736,93.29181584099805
4,6.650786407368353,0,63569,939,47.20667229524845,33.55620727532537,56.68380592435715,26.768622522723454,52268.47853620959,79.47944829642167
0,4.170029785554824,0,52086,37,25.99940641945145,13.161051132892545,34.587284301695824,29.970193759424006,52086.0,99.82225069974002
5,1.071107935686816,0,47317,1241,19.811761553895057,5.0,32.04918063139427,26.687364585826014,32893.08246860784,71.63726120940626
1,6.458631440908953,1,49491,290,80.5288026552565,74.96668016628252,110.72411478312968,32.980635727461184,46932.869013883996,94.82915010387154
3,4.141885874184673,0,60916,716,30.640169886193604,22.40604586338303,31.021512195682224,25.551275635770395,53549.07586032931,91.2432326186362
5,9.080691307815886,0,60248,1210,67.06774775761538,49.92463869647453,90.43303942681229,34.07147976328911,49053.082127694535,79.97705016562321
9,1.2634089179753185,0,47511,1500,16.700461794115782,15.935326110299137,39.17405256400378,25.39881669261826,30982.859788555295,65.73476857368743
7,7.4331059243637,0,69226,1500,49.760069834140396,38.33489753827847,64.75193582161056,29.01715095973975,55167.80293025409,78.21430440109312
7,11.356216612566719,1,70025,1500,98.45739538412826,92.53047688730604,128.74375527241224,33.448215560401664,54361.881260933435,76.3487412893436
5,2.9185019382264947,0,52848,1237,21.04762863523343,8.861059994308789,44.17630103720934,23.189558486574192,41369.079121547125,77.00994999136239
3,6.188144398256549,1,59274,718,70.97505387768092,69.08415516474962,105.35128411608842,32.471624831236625,50831.41085639684,89.07119380969317
7,2.00564190998852,0,75958,1500,21.46891302741375,17.347581385568073,41.67324555765753,28.215501422991714,58616.36987753023,76.79123260915208
7,7.8825010348748785,1,61304,1500,83.76197750514247,78.81888271418093,112.27489182984783,32.43094764763081,45781.430271785095,73.62539497268078
9,7.055848486558482,0,56294,1500,35.2718699733869,24.069711875040824,55.50455247501179,28.903814147587976,38673.52290379504,68.69512938378733
0,5.481020766341156,0,71425,103,45.987868948504925,32.30386834360268,73.59423378607653,30.40228649185789,70553.05880191678,98.44559970196069
3,6.735147236211153,0,48175,824,52.209104688274124,37.52850927462849,73.13944716715734,30.585104421444143,39752.44353263054,83.73392538019525
3,10.862321243159112,0,72775,713,75.21891244374245,52.34566388887708,96.46596567086722,30.609180263035736,66055.11462396428,87.70731223049907
6,3.1592373254217376,0,54425,1500,23.337909236691683,12.95141903604791,47.619739455748466,26.586600018755068,38573.50082585883,69.44267841451551
6,1.2482096287588196,0,71013,1500,19.776891044634915,7.032527302693944,51.050910813784405,29.17796586720146,56352.72317475944,80.62526100068018
7,10.478313731690111,0,72928,1500,72.09874675919835,49.65301408555388,83.39923622094142,28.719763622068726,58119.15946960195,78.96094622673824
4,7.348287906266972,0,53210,849,56.87891861997424,40.04517405120306,87.15560774836385,31.544198557680616,44253.43599942385,82.03509054779795
6,10.797243010080267,0,47759,1500,76.38086974166411,53.652927145068645,112.42378365418062,37.264883939568776,33141.58486088918,67.06138698768432
7,7.566397457544898,0,61091,1500,53.34556216058554,41.15357776673872,68.40778405379274,30.394975750908507,44808.14487603015,74.43202380814256
8,9.911771989556728,0,45002,1500,64.27899065807438,49.51771866474377,81.59193257588197,27.874221130730675,28695.875672422757,64.78572631541182
2,5.726406996906627,0,75160,453,35.84228900359143,24.67351108743703,50.414521257160004,29.392798130175763,69462.3436573916,93.85572718592127
2,9.248459244170956,0,65707,422,66.56667719199133,46.20921468840669,88.29972091691066,33.70095840581445,63202.01802483826,94.4436012719635
3,11.043456135788416,0,60248,713,67.91570947061184,49.833511027710884,70.77276810753497,29.071187319574072,54027.035103128415,87.84167166296032
4,7.293352600944269,0,50773,935,51.6364678919,37.85172104240189,65.91175626837955,29.67503394555801,42621.095422048296,85.65043491337589
9,2.988636656186175,1,57786,1500,59.779036144710986,60.075092494092345,83.71583051713294,29.941888883198953,42257.55115241356,73.43534863712507
0,3.95677376533218,0,60037,35,22.810607534500463,18.603480618705426,40.09934997776606,27.283584685058095,59226.47260749409,97.74103503344246
6,3.1850903458714637,0,46885,1484,26.86817310917374,18.222223540623688,42.26271587165183,27.049924636342105,30785.38293485932,65.4257373213706
8,3.715427303553062,0,61331,1500,35.84654336794788,24.592137402762607,49.88991809597601,29.862530484961066,44991.741512788656,71.50739235650461
7,4.3705699428614,0,67495,1500,36.609920700401084,27.36139967063532,61.865737587446326,33.265783728213286,52375.24549922379,76.80429776587926
4,7.106471654285073,0,58450,981,52.84147315060741,35.78436472645216,73.9030200047929,31.02667250060356,48369.797795328035,82.99296713241084
3,7.46790792410216,0,54491,721,56.25877432206773,39.75983205540742,87.26238818133466,28.89750589790994,45435.1651153998,83.91275266649313
6,5.691497219660472,0,54268,1500,39.34128319508996,28.729075462329163,64.20877451674595,35.195568565748005,39865.65996505485,73.23178275448552
4,7.76962857802919,0,72757,1041,51.27239148691692,39.159388278706686,61.5624161426621,31.09079051490178,61150.4320726212,83.76293212957628
6,1.897324181725025,0,51791,1500,23.780685280831126,19.63904201768289,42.7276356211064,29.991151727816305,36453.12803734209,71.48494850463013
0,1.9656706076397596,0,73314,0,28.695847810919584,21.155271374717028,45.58528974694102,28.519370879049784,73314.0,99.84793552138811
0,2.890124063934243,0,73583,0,28.280130128636415,9.361016152284733,43.690492060762345,28.960697714213097,73583.0,99.32932709685178
9,6.698852478443793,0,66550,1500,39.58877662207458,28.685546914337017,66.84203654703228,29.663711185997837,50911.32722845412,75.35742183536262
2,3.3539414656814492,0,45093,588,30.77879297168191,23.136698795960978,51.52230564761981,30.929176269614885,39666.45595473694,85.31449197696237
1,4.11612843841835,1,54967,310,69.24699444693526,70.87661150137617,98.49443700258018,31.924748303509887,51179.87808975503,94.08506822461678
1,5.403441197902935,0,61218,267,48.802303103606164,30.337512321596122,64.5304730889592,31.14118668823078,59165.45338446976,98.84252915629438
6,9.930527364114178,0,53627,1476,66.05551644149476,37.75055729936676,84.99326043521444,33.73826826773128,38768.41956863275,71.05295913089282
9,1.1524834950414613,0,49947,1500,13.332434093210816,12.557383908382237,29.72691105847051,29.87002265623149,32258.335624934916,62.68005101239078
1,8.143167022602846,1,68178,227,83.68398138393891,73.68068059490541,95.39465089513038,34.69545746554865,64539.06982287098,93.72851650845486
3,8.357641841447538,1,73876,821,89.1634949456837,87.30312463924984,122.30629109672499,32.737305731418466,66114.61540362267,89.92983902213226
1,9.785213583923001,0,67908,199,68.25714171040136,45.465391654045625,86.6883180386674,35.08055780969912,67529.07603029998,98.64377513151999
5,11.260282329663445,0,64971,1305,73.83676958443294,47.577046875695444,98.67793138969131,34.222752426856175,51169.99704870968,77.97417312271999
7,1.221516338442188,0,77584,1500,19.84954400196998,15.293168691522931,20.133013009240614,27.22182760796193,61318.422911539055,78.91049709808566
9,2.691620760645378,0,53959,1500,32.750680952104894,25.390181006490973,51.54270387567012,29.965169825917908,37777.23708547382,70.16221620302505
3,10.747884234615924,0,73261,775,65.5365957101043,48.10192908537532,84.22663039138364,31.421350642290584,64509.857883079545,88.60722036045972
4,6.0437041840571695,1,60835,955,76.14176628465653,75.30567802300321,91.25087511496798,31.3668262822279,53078.2389996151,86.80678005133343
3,7.210497028268098,0,64257,731,54.801422200874164,35.52983431159871,69.95299965296115,29.85922954792469,56216.463248227345,87.01747489578563
2,8.293299240954621,0,48346,542,59.34967523979094,35.43713348270488,82.8237532311105,34.20215483556827,42610.846134437656,85.25429433041954
4,8.46973264945201,0,75807,970,60.34413809838642,40.68223908767402,93.23652006472562,32.62102530047785,65403.36681270082,87.67968606101397
8,11.24914443648159,0,75418,1500,74.11529715050881,47.297876853294206,95.97737191182169,33.24162552320308,60165.808678386056,80.15501148430054
7,11.966443591528366,0,56340,1500,69.58874857117868,50.442318739422824,84.37863746313782,31.870574948905414,42569.799639479075,77.82534549525617
7,8.921732070240342,0,78012,1500,59.69644810085083,45.2845049138639,88.55224276121247,30.748329560113746,61949.40457263948,80.17676272533312
7,4.159433301256659,1,54597,1500,61.250939214073,63.566444050326304,95.82500648240185,28.37235865425851,39790.26194477621,72.76954712012724
7,10.67727642523778,1,70557,1500,96.93901184442389,87.85352903333906,118.21504707818114,35.99464399465979,54012.27449545127,73.82491901996565
6,1.5414300599483777,0,52737,1492,16.86295064972093,10.562335140757723,30.744569805808702,28.785120884759166,38568.41913555238,70.68286522358565
7,3.541889381619458,0,62276,1500,34.43428043985706,28.02539338605512,53.325248632713404,29.243108116820505,48182.68856975751,78.94211667556354
7,10.871242892100863,0,52310,1500,59.53045572460125,34.349444052643534,64.48620326494748,27.978420842935012,37971.885120959174,73.43242998064018
7,3.8181066588329045,0,64344,1500,37.17693925720685,21.199253320057494,50.419454925909726,32.67519415475298,48950.25938747297,78.27397238196336
9,3.427161655839233,0,55391,1500,32.21254721829133,29.85571626373827,58.149409835349545,28.96964897782439,38064.74924559257,70.11697008030292
6,2.5193782245427196,0,55892,1500,37.10768934310127,20.95554505695622,61.050444263708954,30.38053854430191,40892.61698700144,72.60693553730937
0,10.45022933411608,1,56197,0,96.22814591047434,89.48384946721235,119.44799547445885,33.14954297810064,55948.288554259765,96.10730327448861
3,6.500640851101954,0,58050,644,46.4787207695332,35.48226497194092,76.73573189633362,28.43942127905296,51040.64684861845,88.83209789455803
3,8.423825233595704,0,58535,658,60.531787580625554,34.66724702171123,78.85353979391502,32.48754910445201,51936.23988177755,87.2026631808052
4,3.6297302248253263,0,50122,1003,32.41618755123442,15.754139781317438,52.892006572810345,26.229743398174765,40044.76284737033,79.61812985727019
9,9.338444631123382,0,54852,1500,63.06638719211652,49.20532839686916,75.09040248177585,31.46530905460785,38918.27508658635,71.56959040596688
5,9.360060994583083,0,50387,1211,66.77230518335831,42.84883896733185,95.94988435986946,33.13987718198189,38770.47577180635,75.99942597454044
3,4.438578273991301,0,76759,770,35.855317181752106,21.31619554816719,56.59820369930758,27.288329886638806,69048.76114872981,88.7175138022783
1,5.517508963113111,0,79878,310,48.56384566072289,31.91118736910955,62.4325621778178,27.401770936078147,77243.80582768051,96.24146228308133
5,3.3065930517322095,0,78725,1207,23.137295981087966,12.314179014044306,35.9665291937279,26.33645092738402,67626.10819952427,82.83242233343529
7,11.742171256551947,0,52146,1500,81.72825566453386,59.314849679885015,96.21076109706424,31.441739849089537,36220.719556546544,67.9096728199086
7,8.101628347642528,0,45560,1500,46.56731133098598,27.868967695462825,53.72817028730113,26.238784666659765,30072.71411355834,64.43462317889683
6,11.279982687870671,0,46312,1437,78.16084999784096,46.84955288605878,98.2276907965299,30.60793285077928,30993.315824133904,66.56908996472427
5,4.337240979920464,0,63205,1285,27.353892558081313,23.773150859420053,40.971534242395556,28.429532950676617,50808.89130536152,78.96671915010019
1,9.600800042965787,0,56595,249,72.90692080687788,46.50320150004263,89.31435194514691,36.12439479518363,54261.806241038175,94.54145630829372
6,9.424445082732163,0,67030,1500,62.92660648156027,41.040549470424466,74.6769006545373,32.98944810753421,52398.695676824755,77.5045591568509
4,8.608212170531957,0,66329,1044,53.316639689740526,40.641079521308185,77.67689532584518,31.53519115327445,55185.912637981455,86.39180685708627
5,11.622028727934804,1,47651,1358,100.0,90.28097555368645,131.59412630693853,37.78421383921132,34899.45254391819,73.00195645223727
9,5.329108697169471,0,55006,1500,36.201193123884146,29.790200221160237,51.46457548555763,31.428092926909944,38587.6182967963,69.97107929088064
7,2.43789055948733,0,66966,1500,26.052683400003918,21.617446799949676,46.16934411391333,28.083587643643636,52289.59826313983,78.75741838530331
7,8.388797451684669,1,72846,1500,99.96754871332011,88.16356151669025,112.51517829358195,34.517005941342,56995.812854699725,79.62258746176315
2,9.022407805249268,0,66774,507,62.08972979880088,47.55049038910468,94.63342847634338,34.52647006954043,62263.92844488004,93.67742115682567
6,7.325666308046961,0,49083,1492,41.498257551324755,29.719872877099547,68.30291582478335,32.69317832707855,34503.02515244584,68.74443167214427
0,3.274996824467359,0,78513,5,30.008523035471864,18.612414490068925,36.1470098687372,30.139906010724097,78513.0,99.79448566807403
0,6.549015358362909,1,53749,0,75.93627947926925,74.31700212736253,95.78503510845336,30.608781334468045,53655.952081809715,98.36304585933654
6,4.434087102260424,1,75783,1500,68.11301989412297,62.441263846516094,91.0098972981451,34.63089493037276,60339.09893286824,79.12727106073415
9,5.702131809833579,0,62325,1500,43.28844418986145,33.637301742804574,63.10180314581102,33.7642980707348,45429.97083201734,72.65375253712362
8,8.097404334291303,0,63680,1500,58.21627416062449,43.56786706582836,71.22528762507646,33.68487850972401,46793.3439807953,75.0608794757515
6,9.19736216959918,0,62323,1478,53.34653959403623,37.8240114817607,61.7605055156599,27.769796341648878,47096.54253505153,74.37729772936855
9,3.5544715999147742,1,67684,1500,60.03284279864636,54.34989785943652,86.35490509583532,29.23443979493965,49311.5260609265,71.54416569477183
4,5.458578967116487,1,79493,959,73.85211299574193,76.31409824549314,116.38419268434124,35.241186780134484,70916.01302367475,88.01439302044423
7,3.960777280907921,0,57213,1500,30.993177367356722,23.443594894179537,50.75502721474071,32.010070117612074,43260.23827954947,74.69909340589957
1,3.1849477524805603,0,76831,250,36.40445667969254,25.391286288273236,52.204619518503165,29.628705530514,74212.93175984875,96.11517946482954
8,9.617259419954221,0,72713,1500,59.375612887097304,40.84026310425195,72.87078398033744,30.359707054116317,57063.4811162364,78.97167278007767
5,11.001779638806916,0,52187,1213,70.72554364071786,47.361003639280085,77.34203879892002,31.00698510406457,40114.2072870827,75.68862124237263
8,5.072554042530344,0,77800,1500,39.8379853871056,26.50870672089343,51.78126658078466,31.183485726345936,60749.55254288365,78.25659608220137
1,9.264068168111436,0,77583,274,56.24693647272056,42.44972230248494,84.06191167778411,31.08173777479756,75712.00762516008,97.77927675966994
2,10.866948183008521,0,59408,453,69.63719589110048,46.679132952214246,68.55508394730509,31.446316029250994,55724.36039106974,94.62993534429262
7,10.307366315832548,0,67369,1500,59.97717080474234,40.88681099213399,76.99053456809082,30.898516562818045,51036.213079236164,75.44006578396622
0,3.010947273931485,1,48414,0,57.836680235784414,59.975303059821734,84.91329700625637,30.016387789159598,48414.0,100.0
9,11.519210696646974,0,64510,1500,72.7474242557114,50.52240793411773,89.85685318840287,30.255166023710842,47799.790977713084,74.65026201260416
6,5.143440844724087,0,57120,1456,33.58051327825365,21.035111629872134,56.4852054492764,30.56943506432204,43423.9376049956,76.50856962120696
6,4.7316472729122,0,79311,1500,41.775744569163614,28.56222342290094,59.83584856150043,24.37606061992985,64244.69955545173,80.17748532681057
0,1.6867446000555837,1,78039,45,54.735596342825225,59.688173223582275,79.05376895891814,32.282826984369564,77634.3656139889,99.89334231603306
8,6.347910195153713,0,50295,1500,49.39955485721219,30.960470000843745,59.86698584923891,29.44811895253073,35751.703055562546,71.61244227318068
7,2.199149772050216,0,65460,1500,26.008094240951348,17.543383499538095,54.76329839952571,31.273230131794477,48931.667487356404,73.85410088885192
3,3.733938030201686,0,59963,736,27.916272244549546,27.265327399669083,58.71084286701069,30.899795825401142,52773.44034462923,89.80143044025104
9,4.486368839440095,0,56580,1500,37.431479937638095,25.949458595527695,78.45471741723703,31.365619244980262,40150.92066526295,74.89835652607907
4,9.897089558408524,0,67286,978,67.60093321028974,43.5989610677549,80.1121330305905,29.274241425928686,56979.10870849512,83.69627124657373
1,10.630375154354862,0,72328,339,62.20033182444299,39.3505850079387,71.88978754019809,28.724711612047237,70747.8570689756,97.11003125507686
8,4.327129492076167,1,64093,1500,61.081517377441116,57.69628187607801,89.12238653490769,30.839860817083647,48362.23895182844,74.78881329651563
5,10.445679333690313,0,66605,1289,65.99797473869602,52.70704856377623,89.38444106001016,33.88794377657685,54330.41847569018,79.60673707491296
2,10.4295403110677,0,51722,512,65.29105388017686,49.73582727498918,89.13338659666297,35.668081174043124,47277.68318664851,89.75882257525718
6,9.41116045423361,0,51766,1500,61.97498309807422,38.223987898955095,83.074030827173,32.30570479394319,36509.31653486238,71.81344026282315
8,2.613646254166997,0,60928,1500,26.609741542315252,19.481644256973635,50.720055950702694,27.879166598641113,45921.411399688295,75.24694325315751
2,8.59355131590802,0,66274,529,58.76775430852603,46.036772250779855,86.87929155837118,30.980295043971502,61874.42755621884,96.24006531396775
1,11.395264710386256,0,79416,201,78.08541364917807,54.49791710879476,103.7642492285881,32.42312247179939,77210.31968789588,96.78986870556291
6,8.507945266438728,0,65612,1483,60.231668275180425,40.19571178171455,86.0436145882172,33.963718195939904,51498.61344772662,79.11415229540444
6,4.647785340186173,0,79898,1500,38.51968497261296,35.92737807474248,42.98479641919345,27.521611777959762,65889.9487245078,81.11114131287553
3,6.506372491739144,0,74047,759,41.99830472396686,21.777434012141388,57.94674706101833,29.54836611166127,67111.07605578324,90.46780711982146
8,8.102975476861591,0,46506,1500,51.90494444543025,46.86378420512179,67.18917726146267,33.0647312783171,29837.824327469472,64.29081722569201
7,6.616274496013539,0,60222,1500,52.29004337530192,36.84302719813737,78.2391217498661,30.124174357085945,44648.116219052,70.98308538203204
0,2.319482359040668,1,57363,0,54.254984825911755,63.1402098993163,65.86468228441088,31.383295726812946,57363.0,98.7625562472858
0,4.4327044911722275,0,64613,0,32.32476181339258,17.8248805522455,60.06109958602424,31.605797872442515,64613.0,100.0
4,9.826356336089958,0,75628,1017,74.62194727434377,49.33302589984339,82.52208359958672,31.728650638699577,64895.86175615587,86.68330690451947
5,10.475598507050691,0,49136,1178,75.00028940488684,48.18037561254158,80.33945232935064,35.3353917879304,36982.74925413483,73.22583770270302
2,2.5103003598712723,0,56161,516,26.92923470369209,18.446339576547963,48.23070517606983,32.1893628537501,51314.49329597905,90.82889129238488
8,11.476254276385971,0,68574,1500,66.96794887408615,48.108468772295346,81.24883765195254,32.026101178156615,51366.62833160266,71.35243631614986
9,4.617048796334703,0,71902,1500,41.70203821803825,33.45863473903726,75.98565476117551,29.471218663981567,55417.46415568622,77.0684503683276
5,8.28545112603792,0,47810,1230,53.97691563854398,30.938018553505707,78.7594238369,29.78763668287462,36027.31577970708,77.24563866175524
3,9.270076605523492,0,56663,653,65.79304684167771,46.68266854014275,78.73048475525339,31.72372116211556,50165.35042836869,90.4882504901163
6,9.931408581016717,0,51152,1477,62.21177585127045,47.127878567686544,89.23088447625196,29.958409660006577,35650.01703245775,71.59638109173794
7,11.403246724485232,0,45012,1500,80.24321146190243,60.49899190798902,94.03312762871394,33.060534135795656,28966.790209630835,65.14393602838632
8,4.4421150283170485,0,56162,1500,34.616866984606,22.469729762730488,47.57366806880075,32.18208453273119,41351.59618613289,75.36644433662782
5,10.443571000067099,0,67322,1229,79.04152242335348,53.616760906894974,99.946771971963,33.12071529532006,54239.88255727468,80.28394781952846
5,2.4485559377982775,0,52999,1352,28.218068613389796,19.384549870032266,58.26984482680324,29.62369204202368,40631.53427178032,75.88191271614697
7,8.75544996988952,0,52219,1500,65.6987780197198,46.73335543144488,79.25736438505712,33.04697528315831,36221.94777185382,71.07637940945551
4,9.161755024653845,0,50328,1083,58.10827332821989,45.88618257625357,74.88862509704157,32.040761126716646,40568.139284831384,81.0401827559436
2,8.454955653214526,0,48621,483,50.718027006031726,30.66223639439415,68.17157215354987,28.1571041972531,44189.88317703202,88.19355728071426
2,3.775462097486683,0,69256,506,22.346196465648937,12.497322631528057,32.504455399396605,26.689888082456505,63929.56562689235,94.13393122400282
5,10.603474617167237,0,56314,1327,74.40039227623635,46.75462935078371,100.54083315974368,36.83117529981655,41784.77581252623,72.95426002689179
1,2.857443097074345,0,45652,220,29.62728503525193,22.450115864829726,41.77300808507294,28.99273102335877,43710.85416079183,94.74726150868204
5,1.5899827067291392,0,61182,1287,16.712036281037154,16.10389816577153,33.013620727220086,25.628223043834065,48531.25050930823,80.79111598875325
5,8.892114896731034,1,60659,1303,96.05158973908445,81.552245799878,132.54498931170596,35.21990757731237,48066.13022311887,80.39604286735674
7,6.230232867560071,0,79413,1500,51.93113442160449,36.70660732270795,71.22869174542468,27.133120806527998,64344.52119213777,79.58985289274361
6,10.340078219545436,0,55435,1454,73.61232029957985,55.64463716961854,107.53837819511402,29.888026186630633,39751.698350340565,71.47303314779207
7,5.217368551640848,0,73067,1500,34.38791261598995,27.209726043005087,52.48339042562078,31.163213704792895,57881.61744552923,77.85453713798398
8,2.851064473584841,0,67258,1500,35.48737887315298,27.93218064266771,75.41466820420449,31.024230117477547,51852.03253968031,75.77130596617259
5,10.200864117168567,0,73287,1185,67.92453046422055,42.78766963338139,87.0737529391922,33.00365400286309,61891.5941502671,79.96185145707466
2,7.038005948040788,0,48688,461,57.32814492674182,43.207439092391816,69.98111888134567,32.914259333676,42997.55470092603,86.79143956275085
9,3.0811537162939038,0,52689,1500,33.119424404191435,22.439895012193958,44.948901199214305,29.274859811441086,37112.43899763461,70.1800666261252
2,8.924223984450904,0,46379,479,60.48619773649271,46.62098567376202,67.94454819236793,31.901767978944303,41889.95959121076,86.07102845946716
0,6.622250023384506,0,72624,53,54.41117628923363,39.88448962340247,61.80643101716616,30.459132689646758,72624.0,97.94222132376072
4,7.647442804643518,0,70964,899,57.49671121413917,36.98569479665869,67.71462145121797,32.989965887758366,61055.43995190796,86.9477795204021
3,6.0698817202724005,0,67891,722,50.75823659522717,36.64601343887704,60.84516115990988,33.41450757159653,61220.6737474884,88.05649299023065
8,10.11579882199807,0,57516,1500,63.138757106736406,47.47119421652513,60.99540183410847,30.27877352576486,40136.86876173597,69.5479828272002
8,10.125189872513548,0,58886,1500,64.76390249259535,43.30927546850407,87.2451471648567,32.294883703734506,42207.44250287638,69.19648442454877
4,8.803277040068249,0,65307,1081,50.34731723910792,35.75833003585933,74.29025712864285,31.58354059375139,55672.26742602617,85.86117032083456
9,2.159415151361085,0,69843,1500,22.996455411472454,10.75108048023479,41.64042850280713,28.12018362409391,53909.875550381614,76.69859685585469
3,10.227392480944758,0,50912,776,70.08893009791863,51.25837880706576,78.602816126662,30.48766433211358,43437.206470796875,83.9416975764332
6,8.381142785862007,0,66514,1429,59.72665301730198,41.58360225760718,89.80212980922728,34.28084257329966,52836.97110178074,75.47061893485177
5,8.667265826047295,0,66823,1274,53.438668580584945,41.06341357692757,71.16956321444216,29.895705667156022,54941.55413915772,80.87872808628465
3,4.9928112444425885,0,73797,800,46.37578332338841,34.5465155498814,58.432865325095634,28.761419670886117,66503.33214251806,91.11369197671588
9,10.672075117727074,0,51449,1500,83.2257520154868,56.629333635087896,100.11080708558264,34.80560507522785,34775.05764337904,69.91640744645298
1,8.979087602583432,0,46725,229,55.38181574002394,35.3817954646146,72.32190054871133,32.73597122493165,43690.562767627445,93.17686591027325
0,2.2384951318211392,0,60870,16,25.163066648886343,13.308545984917703,21.730109915887205,31.405351865064823,60211.26966059101,98.76768500979205
3,5.48555837846779,0,54304,767,39.319814764581814,25.49418233741224,56.09141702862408,31.926641064174763,47796.47017682252,87.00028623141586
3,10.750183981561559,0,52522,789,68.27649112684243,51.34193059993273,87.60117217982948,33.66214897604797,43689.601106352035,85.02735504538471
0,1.519163718671169,0,58663,0,23.965348595764958,9.75067460221955,36.22461706621555,29.84065782277002,58663.0,99.63901146785531
5,11.575582816062544,0,49784,1305,69.39124938737508,44.43097546060683,73.278598474879,30.566520665943017,37237.88729998079,76.13949894469819
3,8.470788251515192,0,54472,836,55.96934228721679,42.61453730767992,64.55291715945908,31.28866344655351,47458.445706530365,87.49679162160541
0,7.945135754077143,0,73952,0,55.16189476334959,43.92913541335037,79.17422801123678,32.55322210589981,73952.0,100.0
0,3.9761518213679055,0,55055,2,37.23876893687729,22.134503522919207,59.50332098710752,28.676121625889394,54700.42101378654,97.82557093838379
0,3.736709676130948,0,74508,0,41.01601290558144,24.52397274278074,53.287518155561386,29.165112646558406,74182.01953009768,100.0
7,11.36264041437455,0,57676,1500,71.740807778549,55.84720640327191,94.0266297251074,34.426915190739535,42171.375506024844,75.3166193478647
9,4.28099699657535,1,70192,1500,63.595806806928465,64.02268708658039,86.5054815866965,31.883419967907248,54598.13540266403,81.19527939363225
7,9.530558263908993,0,69722,1500,66.13448705803935,42.71597142411892,74.212765924938,32.16016437459456,54867.21588699944,77.04518070892652
1,5.324339780277871,0,52446,258,43.6225632962534,34.71426586493185,65.24664599892722,32.01332664512478,49013.43095928779,93.8510870491698
6,2.5317947786317436,0,49725,1500,26.69483591403507,20.700308326240545,37.174295693513166,29.67423045379747,34947.930260243884,69.09244273499233
7,1.1178682746489486,1,65061,1500,53.014424997378875,60.056713604706424,96.98728451943691,36.22028336491891,50221.21074718055,77.246311148955
7,6.9868307071677584,0,67671,1500,48.01841064220957,30.243129122507977,52.432501243928755,28.03203709526149,51981.25969152866,77.25301127956199
9,11.73356700403826,0,46409,1500,71.01591492491914,51.21044181176062,90.48538877466589,35.52386831494614,28181.020458574727,59.840265853743325
6,5.060498131901249,0,53205,1500,30.805904885540453,26.549278063570956,52.96009662358694,30.185360302092537,38047.82150644488,71.16881075977888
4,4.929115673923493,0,61365,1028,38.005962832639575,29.167351425440575,57.87905885808296,31.298420805596834,49952.88023978954,84.53903701124445
0,4.785007796343863,0,45256,29,30.112424077466613,24.758176527638984,62.3136898784869,31.378998629922883,43709.236044802696,96.37922196317929
8,6.725982210353442,0,60704,1500,45.43289180758736,37.41559446516276,44.47784217676655,29.85093474446172,45556.132719223955,71.74247910907287
6,5.847313717667229,0,74902,1489,47.13397227132276,34.704459468947356,68.92646994117861,29.239375559351956,62006.824500822906,81.9797103983287
1,10.679060893997159,0,46195,289,60.8694561008078,40.34813556103547,74.5087214619808,32.5552690352793,44474.4283629977,94.6325122658926
5,6.560728708958393,1,79012,1218,76.85441882396015,77.30653779089991,109.43772655393704,30.877355287579356,64679.52559774186,80.48073198396442
1,6.5853362200742565,0,56415,186,48.254049439207776,29.355013203842944,64.06739447199222,34.315923670634575,54288.5898475612,97.29479310162617
0,2.5220875419261226,1,66686,107,56.417466687974446,58.602948706071274,82.55179132784856,32.367782406117065,65358.249274488575,99.34532040495685
6,11.810134950014245,0,56662,1500,71.64400061386876,52.50311734622477,79.57944171565993,33.686296670535754,40485.26213569348,70.18589297285071
1,3.7497017995571262,0,73743,288,35.375453065548825,11.893301588725706,41.786822630407684,29.70658052702696,71310.88699447135,95.87587952032467
1,1.8070047420556294,0,77161,185,26.35551971311116,19.45871726056368,70.5947495137705,30.720749979034327,75033.16500400593,96.19510566015839
4,8.294608738727296,0,47402,1030,56.48067433633463,40.734976323145474,79.00070953091506,30.238557632596798,36230.728328337114,78.71006704205512
4,7.549030071725599,0,58275,1106,50.61634576961335,30.887702352480236,74.2344040329845,29.478077854614984,45781.92380496838,79.94305809031947
6,5.566602193920203,0,73182,1483,47.15669063485156,34.31312581139335,62.635402697622354,31.56956524456541,57830.86709639604,80.03875986983948
0,5.644114572687458,0,59915,0,36.66687256219603,26.426604798561453,48.36855098798587,30.323468309136462,59915.0,98.45191402991892
7,9.635703131510743,0,45909,1500,66.61540844992982,46.766673036485436,89.5640037837845,33.282017270448684,30314.266570434018,63.46731745679338
2,3.1528390410961395,0,45372,437,32.862667162088975,27.761602228509652,38.3686552583262,27.833960020973546,41726.22586816657,93.81042074143595
3,10.022786508393787,0,67620,656,66.10906676103528,49.7919841587935,79.3555241409935,32.17491376149062,61142.38722650657,93.2989418478371
8,8.1362182528452,0,79112,1500,55.631613785592776,41.502061052768305,71.29339515984141,29.857764816105874,62836.29703238978,76.7921567208492
3,5.608667511574768,0,53515,720,33.593493563312094,19.41855937734701,57.42528865360999,28.232377737544887,45601.21792875026,88.57426031643118
9,6.038314782422555,1,47431,1500,82.12833572217141,77.42046966478512,111.29693797466588,33.34910550668941,29514.258753648992,62.06665433382645
4,3.8231192790470536,0,66054,1079,38.30895163966123,31.55400510658646,54.979175708029096,28.9316734021309,54548.979311872106,82.83466287866908
6,9.273257659666722,0,77624,1500,56.559337418862086,38.73288890647829,76.25383100137515,34.02871174247497,63710.656648869044,80.09914842156128
3,6.641622165357945,0,55585,787,52.00215925186784,42.61855955396177,70.08536061628817,27.87676875349543,48480.73837673997,84.55696497759303
0,4.52939997024828,0,76958,23,38.5911983488595,29.690612469807654,66.56032731569412,30.258764367282055,76958.0,96.60429568043057
8,7.556551273370452,1,46695,1500,79.86774621957,82.74566460526796,111.18273381099263,35.15931147036362,30299.74456716191,66.35520522931634
3,11.953078972564553,0,79675,696,80.72436344977051,52.23772552290019,108.44502326944273,37.64667087722418,73599.81583086621,90.92760316612498
8,5.787885076222092,0,78787,1500,41.785229086906114,28.63103020633545,57.16429793666787,28.358275382776338,61978.106896293,79.35657132476416
5,11.127605408564815,0,46403,1246,77.41866004080518,53.952537936531414,103.2306268556262,31.026614733957615,33135.25634143731,73.10724895026509
0,4.795185239170227,0,62810,0,41.64732802060177,31.57782284016205,61.50062018200359,31.366046930637136,62735.218009340635,99.73724003372205
2,1.6020597761748447,1,53855,560,57.793092512996,57.500774431567145,77.84829351644251,31.557579502260666,46628.48881799315,89.11574070242035
1,3.2466631700527175,0,55839,245,34.12874271563083,17.459691740795662,70.01968762364848,30.15997884362532,52547.418590702335,92.86710749454971
8,5.605646576604526,0,45010,1500,45.69188682182034,33.497111603188074,74.64135848959296,31.8465644667637,28821.01704511816,63.40605601776077
0,3.4159842145402592,0,54230,0,33.156073230933465,21.743358269973154,52.639909418985965,30.934881167638874,53861.01280377527,97.96535580184202
8,1.002497420400811,0,74256,1500,16.37839236672771,9.582086489508725,40.746049463274154,29.733763896339465,57465.395999058586,78.64147851767055
8,11.065016915222799,0,70651,1500,70.63771318783803,46.67516357004156,77.06406011129965,31.768578137345223,56279.31754656257,81.32854387776378
7,10.28267352354022,0,77383,1500,70.99532183790694,50.19228031793783,79.31884116050438,33.97911823740874,62973.60819220271,80.69974118139443
7,9.165214546356419,0,58662,1500,64.42237128971017,40.788229786980544,87.96025996193674,32.4316112674835,44533.681266827356,73.82600170089589
0,2.845960552106315,0,58739,0,31.736070084833067,21.43846607124437,49.79925411652298,29.070182099263135,58659.76456549891,100.0
7,2.3239993383098465,0,46789,1500,16.141230126069246,7.984009161897184,32.430202214980426,29.02219958138469,30898.131209327123,64.71604574835364
9,1.7436522441962148,0,64420,1500,22.652140626444783,13.419788782565591,37.997677207464406,25.518754930709292,49201.33076613535,75.77166129310095
2,8.964321076502134,0,68761,548,58.23015927576165,42.176352232124984,77.2428111652724,32.41093547251202,63445.16508956451,90.65922851218635
6,11.216887567566738,1,62357,1500,95.56814999752562,89.50334444667911,120.05856692944458,33.99824749080645,46508.60824858564,75.015610198273
0,5.735894030043407,0,56317,0,48.19825825590337,32.51436107257859,48.9190092748599,26.25354996011276,55524.17531669864,97.4372676135381
0,2.31054739195653,0,66534,0,16.426193494234905,15.369657019986581,48.867546741160645,29.759772699216086,66274.45783315772,100.0
9,6.636321028053172,0,70734,1500,52.36478387977242,32.76449435209224,66.91663460919928,29.436785754148364,54216.383593300314,75.80862511753485
4,4.837150982044932,0,77872,892,45.83194615724081,26.00276789006728,75.15278067648234,27.783253876858687,68801.1688225619,89.15838085653728
4,5.123074167849975,0,52689,972,39.56616214790554,22.351012757470645,40.817633458084536,26.52313077848127,42766.132250424125,79.78007058898555
7,7.83463686571278,0,48567,1500,53.801489608675496,33.359415557617474,54.83164696323797,32.76583439146646,34938.683322125136,73.77853678351816
6,8.905899245884225,0,65732,1500,64.36729240788782,39.80553174905635,76.31983303512294,29.992195705061285,49649.5032015967,74.78337679406675
7,2.216639587604769,0,65774,1500,22.264924670902182,23.67006294121651,53.01420482146661,29.887073155861057,50812.16900832691,77.38776902549807
5,1.3914925388712402,0,68195,1363,25.261345078218486,11.48205840436724,31.140498476895168,25.322982742864017,54409.037818216464,78.00264656235443
5,11.937633329542864,0,67257,1291,70.09909490933217,52.819082050120166,78.4011735280561,35.47395107674803,54397.9716088202,80.61966259113251
1,3.56001183807107,1,49394,186,56.71284966225852,59.59847936715186,86.80256819061428,32.08287907219412,48158.396342594424,95.77229297643852
5,1.59213577399305,0,67228,1311,24.440632503214598,18.006844619921857,41.16481247893994,26.925077436112833,52813.800972866455,78.49339034433376
4,3.0886286200551196,0,57388,1035,30.30970819380292,17.593876884820183,51.3354026474538,30.877020851553024,46351.30380524373,79.32598636117183
2,1.4285363098331065,0,56319,497,13.53765999331063,10.778172894896176,31.152084017455262,31.592565505496452,51236.07249169375,90.74172721720291
5,5.309919840788888,0,51475,1206,48.62615396604255,30.382633555946992,67.4481074200389,29.579329892136485,40508.0014198796,79.39339618931272
7,9.826419628964567,0,76555,1500,62.058512952904614,47.13202379514701,91.73018558089015,30.930325319450255,62231.78376729167,79.23178533903535
8,4.753688947334927,0,63158,1500,41.3218443334699,32.94734494484586,51.526404738456904,33.71243372318359,48179.84115039876,76.21932852213126
0,5.886017475662032,0,59728,0,52.456003634975914,36.179754797019456,79.0417756900243,31.077985967682718,57973.28975326976,97.67462912013953
2,8.431454509241828,0,74545,419,58.395294427605954,40.59924967790705,61.70362174613054,29.46308493212438,69353.18466457824,93.64143478095171
2,6.597834770768682,0,76100,448,54.355634183178864,39.77983952593254,77.3779928635665,26.90147912827404,70709.09189571808,95.79359450369043
7,10.475902546234567,0,61150,1500,63.06424249944793,45.671407461844694,92.02840258549543,32.29494471855472,45605.81180382266,73.46346923559568
0,10.526392425503321,0,78214,69,74.73688889666684,56.41240772020125,88.8557930088789,29.396571764952057,76179.57877401958,97.39469123720332
4,1.10901765040269,0,77876,1051,16.415765772097835,15.474419741309678,42.7431102474471,27.299262585499417,68346.31722938667,90.38458698727871
2,9.558509371315191,0,48239,472,59.93683941843505,41.840423870188076,72.98557033055874,26.81024235879646,41867.48994004706,84.73190227975327
1,6.068069602658412,0,75615,225,38.06702095835434,24.73801673102826,59.892270013542536,32.26167859182486,74141.02075444316,94.60435900946726
7,11.877245954340294,0,58746,1500,75.72835254628117,56.256325933842724,75.49717964421369,28.106552866452404,43942.67104105761,75.60448615021203
2,6.315552834629787,0,65921,516,49.732401744863566,34.18753822585476,68.23046347254483,26.576935792572346,59917.49199890222,92.45771014543168
6,11.855855399271272,1,67745,1500,100.0,90.4549757691461,128.39061559532075,33.45481485659034,53754.56366273096,76.18335119060346
0,9.300262973263102,0,46245,0,54.343383567738584,40.161633392821365,83.44430244563871,34.170217128456365,45978.43147630806,98.9438720514286
5,3.7346537307463694,0,69853,1242,35.548149886047,28.785932808534326,63.12390066613388,29.159925854222287,56942.840807223765,79.99119851255318
2,6.922344772156534,0,72632,500,51.67163570082621,37.213537558211485,68.31986178042142,29.843071312522568,67294.8419921885,93.11629449102278
7,11.91349203426441,0,57856,1500,77.64131871920168,52.00013131994562,94.72937527508294,33.53524774286523,42087.45397440548,72.69441316143298
5,10.43283668527116,1,50105,1294,93.3005394935133,92.49841902091711,110.66060180731618,33.54953182135389,37058.06082792687,75.92422316716626
1,2.071035831703432,0,47513,295,12.828660504296158,15.10142959918096,48.400510606489526,31.347958490935497,44476.22134242196,91.59124795416238
5,8.770091964909957,1,47801,1194,92.3828543445667,80.59598461218668,121.25698009940993,34.22129807269158,35036.74726987775,73.8761512088271
6,4.801375444578944,0,77345,1469,38.27772904838001,23.147324026168533,39.653093288426184,27.72575097327735,62066.44315382267,81.17864393569461
4,1.0768048806838293,0,58895,958,21.78522993196759,12.105607024941015,41.0918378566763,32.8157335961959,48773.718018685584,82.89021472185011
2,5.438290659296996,0,53221,583,41.71841811253584,32.59709624563433,63.90832254616238,30.2229966021009,48895.184253034684,88.86163479525128
3,3.5822986389746845,0,51038,885,34.084004430007816,31.19937586789947,49.858539425051546,29.449824437537085,42001.07798887326,82.91704775430232
3,10.007561975725187,0,77031,722,68.72340634957222,46.08129137601568,85.04961378276059,31.383117647502385,69246.70841392601,88.79861557137366
5,4.71063669730342,0,60082,1239,29.26807493880514,21.16472588882589,41.14736632117828,23.43532034312007,48883.06304428448,78.74566419725083
9,10.102760633491988,1,59648,1500,100.0,86.98957655893632,112.2580076978155,35.72638130570322,42890.392914516975,72.09644920096012
0,1.0065773271827485,0,45364,0,19.122174157561634,20.186292969824972,36.659675118457045,31.253839084292284,44651.81461827275,99.58086736168221
3,4.386010650287311,0,79568,801,45.06542459381655,34.845110583177515,65.83453212099296,32.77819320356107,70774.43418753531,88.02526438663908
9,3.6528173573853815,0,59110,1500,30.966809710000994,18.378224541385258,55.1958519637031,28.299504948468513,41473.87165185538,71.41464616390552
3,3.569240971754721,0,50958,645,29.43821579583654,12.197386613276167,44.32017039111215,28.199199183646847,44730.947979561155,89.04585235544603
9,1.7500528174200896,0,54096,1500,23.00856704814586,20.256345164748367,51.438043762779365,29.813417956731783,36152.51938312883,66.80411903636633
0,3.058366974515519,0,52436,0,32.791770077236805,20.664299829208055,55.19683658257852,30.043617616536984,52436.0,100.0
8,7.111045268741819,1,66177,1500,79.18346358539387,78.79935318661941,98.62657037784315,34.2520651441185,50103.93492874949,77.17654673774192
3,4.204971801215189,0,71754,696,38.88742544420356,28.395959158344148,62.65925914202938,30.418863441155047,64336.34049377644,90.4499446219961
6,5.5913426056206275,0,69544,1467,41.02108350280538,21.377574321067556,60.65138448318817,29.129455051927525,54625.315569052036,75.117370985923
2,5.145535683819074,0,57638,512,40.902139509150885,25.404390729177504,71.17788744957497,30.96812221324154,52912.445323956905,88.02079816006687
9,10.63495417499884,0,45179,1500,79.35753562021773,54.1336961850081,97.9666043553199,34.83489884500843,28303.12877299951,64.24574102539205
2,10.95828898911567,1,48873,517,100.0,87.29684004299469,113.77102763899708,39.934239139414125,43583.58263048661,85.67747381007179
7,6.422526688214461,0,62570,1500,49.30011457570218,34.97475334253306,62.63479904596603,29.012901460694927,47912.46385087369,75.8302420015737
7,4.6317154534716485,0,62157,1500,30.795727331413353,23.16253491659462,35.23824677906964,28.271468866973713,46934.52451152256,78.34462708775041
0,2.174807744026,0,49460,0,32.645476336855,30.009273185826817,58.67574254547281,28.967496947080903,48460.030512483296,96.87770603785025
9,11.487431673203044,0,45352,1500,77.76948379263156,56.327492562347956,108.05717688297725,34.25967737136831,28285.80133246249,62.16177201629905
1,1.662496393903272,0,66586,266,19.740236423057368,19.78256975901966,22.60624681454796,28.759805022740046,62532.8666799734,93.93163732759147
7,4.274153053251085,0,50344,1500,41.60439493811411,27.215809314514697,72.14038436031441,30.354983277404568,35336.197255607105,69.87005597279921
0,4.278728212870046,0,49507,22,38.042647201050336,31.290706694789936,62.44884169234001,25.903842664352403,49507.0,100.0
7,4.524414147542364,0,77885,1500,37.85415023074468,24.97311279956156,46.58639330496989,30.784058911099322,61637.50760009923,78.57722028565234
7,2.807155275996502,0,61865,1500,35.4905546113575,21.175321022047765,53.9355503937788,29.575682246520927,48208.881871858364,79.00496449693804
1,9.614775740160669,0,72213,272,60.51238583544969,38.52156305196984,67.21359160834014,29.693023273736532,71487.30884560934,99.10045942140538
3,2.3474764816258813,0,49477,776,23.125607129730156,5.620103956637237,40.208774380818824,27.086126899237534,41787.24762661053,85.9083236646494
5,7.983973250684791,0,51533,1226,55.957682855108985,42.58670849033692,75.37485235910225,31.652397813617913,38587.10595911996,72.82051507071279
8,2.362306293763992,0,68396,1500,29.452675541508114,15.456092733695641,48.034400246804466,27.451005878578947,52615.040951545314,73.54672916166798
7,1.775892013522522,0,57755,1500,28.711039501081792,25.73030858921212,42.74026345776358,27.261206996897243,41598.174448041864,72.06985843483129
7,11.003724540544642,0,45865,1500,69.26385794399019,47.787818551510966,79.26565918923345,28.844015461930322,31125.02583693361,66.591085152284
6,3.0914164295057622,0,56173,1500,26.20822656457557,12.126299602663858,45.80265704278904,27.299486323040618,41306.087404822385,75.73102361719121
8,10.033751700156747,0,78371,1500,77.81159709060839,49.99719731126397,87.66374655853569,33.274827242357894,62561.618933589365,79.70291298642644
1,6.990939582178494,1,56254,280,74.52172510569766,72.92774734324568,102.36905120041469,30.4271839781123,54921.332644376176,97.96064354871773
2,1.8564217156964657,0,49018,554,24.557699194929974,9.670559546275445,43.19376752775237,30.75963608888424,43090.78133902034,87.44702986967981
9,11.509930105818743,0,50192,1500,76.44817815183177,55.87350473409968,92.02681239571285,30.004238485976938,33228.80728651548,65.22638264279715
7,3.7165728369108177,0,47015,1500,39.338477259743264,21.471604929582483,63.57969824761119,30.386247487426914,32201.696367532317,68.57864842674468
5,10.45609879887867,0,48380,1320,64.44469310065476,42.15537984300024,78.26010191777507,32.23070576862489,34982.40209861326,73.82965760828027
9,2.856910063630206,0,73343,1500,19.909961846112516,14.731854633778324,37.58730052798331,29.65626794943809,58126.06513748913,78.7834888941668
8,10.393371703560382,0,48770,1500,64.01553265048855,46.68131561603477,76.69633599500784,32.785490736566295,33570.39730919245,68.25987535920005
9,1.1455169419582338,1,50829,1500,55.0341972608606,61.71481726764617,92.19778319256598,32.20776894145391,34031.91111434787,68.1609546627603
3,6.629585022264288,0,79381,684,51.33540751879763,30.708601209105993,60.49787919563692,29.496727057554384,70959.74653454889,86.864353706865
7,9.463868373637125,0,60545,1500,65.669953662626,44.735156391789495,91.80547194669889,33.53750641871938,43883.20516323335,74.26302093364234
9,11.282750692420617,0,63263,1500,74.97207389247495,56.85244973266896,94.71437089274274,33.13320427809828,46377.58715100604,72.09965029390678
2,11.001223498271358,0,70675,394,76.70653865475933,52.461729194267,113.71154629918661,33.40528085779284,66846.76789487178,96.00017089389075
2,10.015873565024094,0,70362,453,61.199925598646516,44.0170457238704,73.44479923262304,31.617529055547074,66619.82168664134,95.12230309847068
7,10.770104846274345,0,45148,1500,62.8610342527337,44.65248101068986,90.24441229294067,31.885297280303256,29474.169920360724,62.157534158041635
4,3.1914165442078417,0,46754,1004,32.80948394735798,28.171587368315222,57.853419889285604,28.42720277382066,36010.88938638039,77.0398593037923
2,4.126027252829017,0,71745,441,30.387512816304138,19.40762219471041,43.826285089671615,27.749421766269737,67104.40655946138,95.50324557507211
9,4.178653774131644,0,52378,1500,29.58869212323319,15.15228877145109,49.518796907909646,29.934341416331335,35894.295480888264,68.07400752130683
0,5.147593241018687,0,65140,0,46.85776575462911,28.92894846769678,66.37876581007013,28.45412603468306,65140.0,99.68236636322352
2,5.326527374237076,0,54371,486,42.88443595656444,30.774481089529193,58.46239311721855,31.889662836339475,50482.5393534375,91.697166660633
8,6.99010857120143,0,71999,1500,50.09300860123258,28.786943035542578,67.87552371057093,29.315494724117933,55197.47825852605,78.4574957741189
4,2.7586773970308553,0,57779,1063,29.039756968980853,18.150173938016707,55.80647389291051,24.944733563620893,47638.27343861631,81.75473833916577
9,8.603713301645882,0,76075,1500,57.48787145910609,40.54317559327105,78.85514395790716,32.41349615076201,58891.923139646635,80.10027318981624
1,2.843231932349571,0,75697,283,35.30236288838073,21.645285603292876,48.65057917686365,23.48912556052066,72272.51850925462,97.20906966594377
6,4.413393303150023,0,54795,1500,29.493886989771198,21.953133883853173,44.868880050384156,26.56567227647604,40625.94041047717,76.13960800697147
1,6.536796436667695,0,49218,290,39.90386427733638,30.830352043528606,58.65821564223387,34.53757009722119,46238.554022186385,94.06669029599077
3,9.76084617675825,0,56672,731,59.1223232908517,43.205260703406886,85.97572044287178,33.99804387423771,49835.88938765961,87.20792139351447
6,9.134161565626,0,76042,1449,62.116616066829764,37.29161140657192,69.885462618614,32.545588526597946,61877.78772483004,82.09080996684722
3,8.100877920515746,0,56009,742,64.53110830197117,45.488504561658324,84.59996665652503,29.530358764503674,48509.41169855253,88.93801743892585
6,2.7135058663818716,0,64544,1500,32.91294928943572,23.668833729960003,39.082445945641425,27.753334683525033,49810.39018600911,79.83262707083853
6,7.017498801771355,0,74381,1483,53.04970757997726,35.611074833134104,74.39225402479043,33.4342402257377,59680.08272698044,77.44985987719862
0,1.9619115197987398,0,70287,0,24.41022294257107,18.340400111225236,49.830501004921715,30.265715228624416,69366.64017069437,100.0
5,5.150994944763158,0,47586,1146,34.09232515383614,24.97432591066773,69.16353001762812,32.80479629136846,36307.86047006858,76.67767270515591
8,5.54868183318955,0,47648,1500,45.31835828638357,31.359349853016628,70.27303432806869,34.18491300868078,31083.20199610877,66.40375810740477
1,1.437925833903292,0,63101,188,32.31946449869212,18.606538437031205,45.48534051284815,29.959046992427655,60241.72422063003,94.12580679202759
2,4.01386909416969,0,66692,473,33.86905719330581,23.601856226113533,39.84572804999375,25.726290479798713,62591.71473787426,92.40564362426554
9,11.512144139931383,0,52407,1500,69.75735387588725,56.29787142381872,94.11691992534578,33.726117349187895,35433.944554882546,65.45477060270937
4,11.489958686126585,0,62254,996,71.27357744868145,48.32227609801424,84.30750609105522,31.273538821562667,53174.55050368002,87.97095439428406
8,4.875597596777933,0,60234,1500,42.376743676351765,33.85294240615026,65.0253365906801,27.620307262060724,45112.68779882732,73.86360968922766
3,1.4741011984315646,0,67211,768,22.929156918417483,16.20583792516272,36.098932471958555,29.6770301329097,59185.59916632535,87.92155401603334
0,2.970044332609997,0,74480,115,34.40029221862359,20.877288651691078,49.69324988384313,31.37960568065478,74414.67275361861,99.46024356491685
3,5.314395727768941,0,69846,742,41.404724267595576,27.79692019443938,45.14141224146312,28.42351387216664,62098.53985570254,87.37655541763336
5,11.425576677661528,0,60321,1108,70.92282524007874,49.5784961732227,78.97329445404813,31.958815860844783,48902.28819072713,80.77165646650722
4,2.5531896989090344,0,57646,1039,28.9109783943164,22.8585307411371,39.27769060186503,23.9968773475212,47729.02880055978,82.92862481440703
0,9.398674280350335,0,67117,20,59.29511051759828,51.02675915759611,88.07276460361427,34.293367384986354,67117.0,100.0
3,2.195507933121613,1,49893,755,64.68136437283125,65.49561348503897,84.93851146801654,33.38160359689725,43105.71771694792,84.80767456188603
5,11.793833351304045,0,54476,1236,78.0847387471033,49.73588019780608,102.74222395496272,33.719825744637035,42041.76835746467,76.29959336692622
9,5.197781490200485,1,62270,1500,65.49041451397412,59.22498055466914,82.36718793532673,29.084475882458754,45852.64188493538,74.46036565888213
9,9.527579927889617,0,66702,1500,58.9091037817774,39.549234369931106,91.88758399454234,29.062257837089106,48935.50205382478,73.43245638165703
3,4.76850191092245,0,49382,639,41.66919458044277,24.65608460637679,41.738884918743494,32.39226162072201,43573.84120072091,88.33402548024986
8,7.904357648746895,0,46785,1500,55.438375973716546,41.03848837175863,77.17668416972676,29.17499370900472,31502.86939656395,65.87879551389887
4,3.112176932140404,0,56735,980,32.07344320744239,24.71243313923533,51.90906675134145,29.42109362468753,47121.793845096545,84.22364406947997
7,2.606231212266588,0,75177,1500,27.07051870825223,18.36546136654581,35.733509795873665,25.921296108190834,60251.20491178951,82.26623173762559
8,11.318705535249444,0,75712,1500,73.86939285887439,54.33812075281048,87.08324354080987,27.388842105956016,58091.849919510234,78.70915093764685
9,11.094120056948768,0,61679,1500,69.6275709422253,48.99833705063452,84.1854589475615,32.63085071511293,44313.587506686024,71.55508049950106
4,10.762158342341706,0,62064,1011,71.62768942875648,57.60967778160296,93.77990262830633,33.710113407932035,53417.17889167374,82.19346108724001
5,7.8797679518325285,0,75563,1266,58.263980915417136,43.28928642621213,69.11169817144454,27.191341808980738,62728.81813405412,83.36585257326122
0,9.89095032337906,0,78092,63,72.48845330008609,54.32438561465334,94.05782789582217,34.741196672554715,78092.0,100.0
6,1.7594063060251242,0,71867,1500,21.22353531539582,9.063965077496121,38.223894527963,27.004708105660114,56269.688350674216,76.76979893660305
3,4.682679460797471,0,78754,717,38.35780414485965,22.165521112484797,60.330921128289496,27.66129287493506,71164.26586772627,89.1302459918574
1,4.450734372328719,0,64502,276,31.15876480716276,23.726489069431825,43.65960722533521,26.196405917330505,63277.746224745846,96.60865511175075
4,7.992098541478746,0,45760,1022,64.0917997925892,38.66736582198712,74.51409878412503,32.70358029892422,35458.03854481088,77.89875868910615
2,4.9155355081770455,0,69142,493,29.70023775486602,18.292263056905803,58.50322119308036,25.832781555161333,64616.84805963043,92.2216691998655
5,2.633574598080489,0,62290,1272,36.58221993306149,30.325204405496592,49.86362622413841,26.504746043146135,49718.36463319817,80.0652016386542
7,7.561137829548981,0,50499,1500,53.27303705920061,34.70770274261858,58.17785984817421,30.517428070150245,35196.133738498094,73.26150616279646
6,9.958223127359897,0,45364,1500,66.88325528923272,41.97934787731446,76.07198580756088,31.683113947653695,30533.7817564869,67.02963831781783
2,5.203358439059705,1,64797,418,70.18844672665027,71.80208595387845,83.80651342252897,29.660557759107032,58870.91738376088,89.11433698712743
7,2.454955866083299,0,77535,1500,27.43028262098295,27.495326818851446,63.588980802002375,32.65979989343901,62416.652693406606,78.32124427319397
1,3.1635701704410537,0,61105,299,33.758273850927786,20.396211068199296,48.19096316334653,26.629144070982225,57782.89648361129,95.05839019429226
9,3.6123163568632237,0,52939,1500,24.87834447520983,22.310944325218223,43.897635764010424,28.094716119805657,37862.65373780955,74.52562654386855
8,4.298873522939898,0,58936,1500,33.23373642922998,19.53091563420283,55.64591533212722,28.769815455699867,42317.88780504623,70.45072171922584
3,8.0707457755694,0,60863,745,51.128442458803704,35.34003859673454,62.54262970957373,29.329280725406747,53025.71891718621,83.89062871871782
0,7.610400329914909,0,57561,61,55.28902556725363,38.425786138272954,70.6588654546909,30.262047820647314,57561.0,100.0
7,8.65687847723743,0,55447,1500,58.30622337820641,37.68642940441662,67.81139943581178,29.974514945124106,40525.72390029925,76.86350078761619
6,4.987521829846645,0,75624,1472,43.028088351377264,33.62124309215663,48.587227272595314,28.41194984622939,60061.264793954695,80.55599307719244
4,10.063974170679762,0,57411,986,66.1437458743056,40.14173846991749,80.16317980342639,31.04920006916335,47664.128927497804,83.66847337057484
9,3.244964272713363,0,64465,1500,36.51776554264679,26.342626320489067,63.287791917500094,32.233737602023766,46988.684694748736,72.99031506031815
4,6.159448222699694,1,64642,992,72.0958696584547,74.76376707368999,101.2737649572789,32.63707397234812,54912.06935530587,85.96950515568732
6,9.810325936955733,0,76262,1423,64.34240858402987,48.20833988579773,90.06794568571682,33.5893277105458,61234.497245864,81.24710849525056
4,2.981745125058812,0,75363,986,35.45554269530663,26.78374012985727,45.89886048957733,28.969354020674263,66966.87877229633,89.28357389743793
7,2.2084942511486125,0,47107,1500,30.58910149584643,27.753568619897848,46.197931231914666,29.42829547380317,31943.70757914537,66.3824933050501
5,10.720523644567887,0,52928,1197,61.204395440588996,41.96460734008955,67.3505644136789,31.943867623919555,41274.04174681371,78.3980299315426
4,4.7722262903511545,0,64317,1071,33.75557750683217,17.529999660315617,51.95080669675143,26.875520555343446,54508.80106150071,84.60260332605743
8,8.522571373999352,0,70017,1500,57.203902176472845,40.583559065818804,72.0732517989323,32.02065999785273,54866.298517759904,77.15832195985384
1,1.2788346469033232,0,58528,192,20.21998987081023,13.650943667348399,36.11699709910755,27.465051609494246,55940.74405260109,95.99249604560096
0,8.590515772503945,0,58313,0,57.62544521976015,31.874529369672658,75.86442133550482,29.147141708591942,58313.0,99.27070398590907
7,4.477114427016676,0,46559,1500,41.36652363634261,24.45616150340628,53.26413106241312,30.8126905440377,30702.616717517776,66.04506536203166
2,1.6131493894618592,0,60167,447,24.512661972319655,12.14835923535594,49.41915050817672,28.102740079537853,57266.258476683455,95.8635820686398
6,7.707940377029288,0,60343,1478,55.27815640024259,35.43657777811841,72.77044343310234,31.576625004778016,43690.78798247456,73.30130046177356
9,3.648841976804906,0,52523,1500,36.59727772704166,24.21339735253439,51.1358825860827,23.66597341572046,35562.911986595005,67.01687970207034
7,5.25487966257068,0,73439,1500,46.645269338581194,31.400192692189265,51.274431240454355,30.554119963750267,57875.03086791404,79.48253078470529
5,1.8863889351516496,0,60524,1287,9.151883868433512,5.0,33.29732454535632,32.84397031913704,47837.548724082124,80.06374522610093
9,2.6187957620443987,0,58285,1500,26.16084656903173,13.29683843338752,44.608412205165,28.553343350298263,41878.21504093903,73.3115868507041
8,4.277749590454281,0,55973,1500,31.9739090159729,23.891543146217334,53.77866478881191,28.775183204020507,39936.07851020627,71.80611748678227
6,1.9873545061617284,0,67694,1500,27.313353210282905,19.585634692088757,49.0845380746352,28.004181001891396,52564.06561184844,78.55754234954254
9,11.019088911549467,0,49302,1500,67.78492477982405,48.036133340504996,80.45633298835996,32.54769906221214,32995.03757484923,66.29223876638159
4,1.0665174750237627,0,67391,1100,20.71189545969442,21.614371699123012,42.023330501637105,27.75365471048434,56960.2023996084,88.3873519961787
7,6.322462407507426,0,49611,1500,50.87302741954967,36.26261540784391,64.98671399368394,31.49405394828196,35543.567102044755,71.54836109222434
1,2.355722039458066,0,54372,239,23.763680503399527,15.16794526325767,51.8426968036203,32.59231187804085,53385.48824284078,99.86740258515427
6,4.384469984257434,1,69312,1464,68.73642828484827,67.6922758297091,92.88703254027033,34.11304052431819,54840.79748808255,78.39151027238715
3,11.18665515800092,0,59080,849,78.70241490580673,55.486967318783044,90.01101107247607,31.85154830844099,50391.72353049595,85.8561787625728
8,2.7786400860138554,0,60082,1500,33.05127772942718,25.599067803444477,63.18041316574421,27.823482048437405,43741.690191292204,73.30945552986383
0,11.62415551690166,0,75677,5,65.1918908011084,45.45544185340531,91.52262528739132,31.505372332277474,74585.72666752701,99.34970630139168
6,3.2637381468836386,0,65874,1500,29.85995722803769,13.130286457563237,46.37211190270509,28.388395820855877,51636.587547975876,77.11489729454371
5,9.157227193135125,0,53378,1388,62.56521764206061,42.04865985644552,77.5245138994809,28.564762391034733,39738.212256720486,75.0309624592266
7,7.013449913870429,1,46597,1500,82.8311688504618,77.98779089677707,105.6562004805242,35.6263664741073,31446.80927375341,66.44927274752038
4,10.729266003564351,1,56600,998,97.38458482638552,93.38601564107645,124.77196610673853,36.11992986751892,46882.99785374555,83.50137299406201
0,7.09392581053444,0,48747,0,47.27068459772454,29.945896634621633,56.33766641027048,27.409830724269057,48188.90367135856,97.5377731843185
0,6.880151410719395,1,58879,0,79.73957172784182,69.27665676700676,106.34900694680125,29.94948978108491,58222.134282811174,99.34322998282035
8,3.1500380040523988,0,58017,1500,25.31576650078727,17.97854537679399,57.398756301612984,31.027604325399764,41654.67000562107,71.75489097586683
9,2.828522982568246,0,69815,1500,34.64128624306382,27.713848056179522,59.14265480380695,26.44472656502523,53703.58106143756,79.70505599394434
5,11.081380662270657,0,63964,1141,79.75030818109413,54.2515239611563,86.15005666174983,32.05986952704815,52271.398663566986,83.39670892978529
9,4.606220187350375,0,73812,1500,40.004570779002485,37.53539749345151,66.41124734187139,29.49386084979477,55899.75174054813,77.79135281846928
4,5.092904804591855,1,69714,1009,69.3023312553137,77.10162414267813,101.68851933357428,34.73503648251407,58822.68317505241,83.21981277930588
0,9.358060242712272,0,63890,14,66.49480621312959,46.25647349099504,86.59547889979909,33.55076875139898,63564.10252469477,98.9148639760288
5,4.727058306650881,0,49725,1246,42.49493765504777,30.493308985866314,54.18706712937519,27.692413730273376,37232.67170525538,74.87106536349751
5,11.47268691302903,0,65684,1254,70.98573083461804,55.16493748106719,90.20076598112801,33.99199418175415,53564.383492772,83.2654397542214
2,9.117205458986803,0,71325,597,60.34680944818525,41.88342770520915,84.21459072947842,31.158235415711268,65580.40877522442,92.51000827238164
7,7.57172166830762,0,77542,1500,49.81093664589762,31.651301583114265,57.15222965502087,29.610106248733384,61751.83015329,78.51285656936841
0,10.689846765992277,1,58092,16,99.27265795464123,93.0465881931899,122.4939030201534,34.878431594123,57646.33093843007,98.17246024624328
0,1.5456649918443102,0,75382,16,24.222870659447793,18.81366083135464,41.63772365469883,32.82735181438759,75382.0,100.0
5,3.8276896140812964,0,70457,1318,30.237784799053003,17.93707011127385,55.09814288603648,29.169057258806895,57747.43917473711,82.57376187204889
9,6.11539967643001,0,51131,1500,40.20361667401057,29.259188352806433,67.9317581534377,27.090734783257652,34367.15785744365,67.29262850432525
0,3.496763934186731,0,70215,29,25.853742610763327,17.457377753101213,28.91987640825687,25.884163110377823,69120.84472872464,98.39612640969527
5,9.182957060323671,0,57612,1174,62.99745861467857,42.557838264905534,87.05746459189642,33.44068622613486,45641.115673418506,80.56463704692018
0,11.111288341590978,0,58091,0,70.49902885985436,46.20596168856269,94.83403882633337,32.01858718577868,57571.110736641436,97.52348054960639
5,5.661471319240158,0,74759,1179,42.88948586192666,30.508252549838854,69.90531721433064,30.62233765881049,63057.064239485175,84.4249126753923
2,4.763458601230845,0,45559,351,41.13992261787589,27.734516364955173,54.314193838500756,28.48123184724819,42935.598149379846,94.4091802295987
7,11.577058053513229,0,45713,1500,68.38048038912426,49.0051625794219,83.69245393843516,26.062179174035396,29131.74859446218,61.858627162983886
5,5.8933767611029495,0,60184,1234,39.11562012965878,30.66028457902105,46.260144253437595,27.144797722795317,48732.55735735722,80.66151080250455
0,6.379532404942116,0,60261,23,48.10307161955487,34.598415611411994,49.40142585849509,28.797529650517912,60261.0,100.0
4,4.8681485957609585,0,65372,1002,30.697348180902008,22.482882124136708,46.76773472905464,25.202469220810404,56238.272568586835,84.77556244521584
7,11.005033203133522,0,77140,1500,68.73024336099648,45.94646208002763,84.82312678093405,29.428164763979634,61291.404477230404,79.64382332725009
2,7.258510316100359,1,78024,580,93.62478344339118,90.23477246843329,122.70641207614804,34.136507614567606,71227.17782884446,88.17311295635058
5,9.383920458998091,0,77544,1250,55.17691498072783,35.229723202594414,77.290127822917,30.520579868573506,65187.75661497366,83.85713806432494
4,9.92987390185975,0,45037,1040,62.50065770964513,37.302492389519074,100.6407270996934,33.84010192586526,35836.74820525718,77.96023072359617
5,4.76033946108984,0,57697,1231,28.18723328700036,15.4471293784839,41.46797934226625,27.7637241629883,44500.58270665456,76.60033908023101
9,5.7706376445241805,0,76707,1500,42.68454793151018,34.016239197788614,54.174295254523955,30.049211167479985,59478.75025188585,78.17943587931879
0,10.333189518468911,0,71016,0,76.49862973367112,55.38463209436288,97.96057133208244,31.43676391643371,71016.0,98.31135112092994
6,4.995808868433913,0,79600,1389,42.31363152612156,34.86731256001332,64.59977429132714,30.591117743179517,65078.23448858172,82.11812792389374
8,9.733286467970364,0,68984,1500,60.59753579424695,37.12606895530632,70.32538458764657,33.56826106306862,54316.868034390645,77.56869632671753
1,11.350915548318808,0,50167,360,82.66163096794952,67.14401455863458,110.45580325306611,34.4143976621791,47308.66056250413,92.29917123114855
9,7.855314103748077,0,45432,1500,45.564807471148335,30.76062848884242,56.22371884939281,29.027865849206513,28356.621347209304,63.88958113643561
4,9.157900161970778,0,49151,997,63.059216608638984,37.10007775228172,75.35703508555314,29.14309056247135,38723.28292036634,77.34221118619597
9,9.856070432452483,0,51411,1500,64.6049160977271,54.006573936311575,85.19889469426002,31.989862395384353,34490.91502897793,66.45283213816246
3,10.295436137863067,1,75788,793,95.24205728476325,81.42903105317691,110.27804827929036,33.38625468048178,67909.66371497056,88.74866442248315
5,5.345586716424756,0,71623,1354,45.763390950768006,30.442790811468747,49.001790138193044,30.044140515159032,58534.561079264255,82.05125363319775
5,1.5638980509359799,0,67104,1186,16.909593213303395,11.013706287553712,37.40420917085958,24.348507375193215,55301.14467972197,82.45955366848081
1,5.420638983604134,0,45256,189,43.66630808738232,32.34274823116893,73.32088287592605,30.48945656663023,42344.23663285885,93.31816913561858
1,8.411318527624989,0,78439,249,57.98488425194752,37.4242050726298,81.19024793266722,32.33378159043372,76668.50049994659,96.67972811430234
3,5.9538542435887205,0,78257,692,40.41420790237504,32.44719844676563,68.6945206224407,30.754326515811435,70988.93514609234,90.3146150330879
0,9.238594659464384,0,63066,0,70.94295119940851,52.67461051762893,82.51147841176436,30.935879063275525,62323.97151340105,99.2641720931635
8,4.926806724155303,0,77746,1500,38.72484730396832,27.183660391899686,58.53929515025324,28.990437564700585,61375.56387158254,79.12053274265348
6,7.982185552144325,0,47460,1500,54.21767589974809,43.24969086766964,62.76217325711745,27.82328020861272,33271.44624179599,71.78683870998445
6,3.0506178533937205,0,79743,1498,25.11470339048989,17.308865489990634,45.074574882159546,29.363709761951313,64911.258661811655,82.54508865683401
2,9.243063803094525,0,48216,537,60.39861675989072,41.17644831788868,87.93767027467715,32.88478422876112,43142.04922632799,91.1363219932118
2,7.0026556569432845,0,59267,528,61.68705131881134,51.173346989803264,93.95760127334103,29.69039772227523,53107.009513842866,91.63648649043532
0,3.2447082740126065,0,54581,0,29.959982070205108,22.154931618303124,65.29704439242286,31.753038574635866,54581.0,100.0
2,4.21102290847588,0,49515,504,38.648624257447615,23.111431449042655,62.6583144737588,28.703447684833876,45281.02541589085,92.72953930011455
2,9.234695794400157,0,67076,408,65.92621763196834,42.747275221590606,84.73536063699433,31.026842087758702,61369.61609534699,91.99619703317829
3,6.3086135922767275,0,54776,719,45.63605640568316,32.02107204658922,70.38995532592158,34.338989317464055,47212.84028625217,88.18271053325657
3,3.376345844323794,0,66947,753,29.83377771019997,11.291651293690514,48.99068555018022,32.12309458259008,59921.5448109925,86.87365957986692
2,11.639983094073274,0,47963,499,75.56123487649722,50.3609065526877,84.05916022294991,28.831537914696547,43097.595375587836,89.3825790365539
9,8.866375217985766,1,51786,1500,88.12558424550683,81.28633301798725,101.39587721176898,30.553676305281964,34470.95601174004,67.17934815883375
7,11.528483157937757,0,58866,1500,70.98319042575746,49.019443216759356,94.16170561919218,30.430955703341304,43684.610290666795,75.0651989369643
7,5.698155498963775,0,77305,1500,48.190226966116185,28.703385885308087,80.01261520679193,34.57345828096352,60871.07115709394,78.71498325870701
0,6.226103747608925,0,62360,49,45.783403303479375,30.254319146676103,69.98897297839865,29.384700099086167,61273.96237249987,95.76468824273397
6,10.877507378035212,0,77813,1487,75.45373608149976,57.536830845711364,78.9308673444711,28.366147491977856,62306.95372518715,79.80634260377106
1,6.775542742699231,0,46193,234,48.41808027228055,37.785251511967935,63.7890591670402,32.56801783130155,45055.7105197641,98.76226852480046
0,8.780068030962338,0,49512,55,52.31436236304824,37.00251923304986,68.31633487537607,31.65318814054087,47736.23197367661,95.93998245288665
2,3.7739016524508298,0,67666,453,16.74053149808589,11.442732143096157,20.91733835544398,31.17526368549724,61765.28366030863,91.41839605883361
3,5.913991155729046,0,61630,853,35.379213544381784,24.118942487219662,42.27182303592131,29.56560865167014,53532.65737583543,89.73618587287794
5,2.3579485239139064,0,53983,1169,18.45994028824822,13.867198452153445,37.71295944568587,27.953270968136117,42214.84230928533,77.91993648439717
9,3.2657803946465784,0,45636,1500,32.661591627372374,23.2733895178587,53.326724756974414,29.77153999845757,28760.053105658608,62.78446576507559
4,1.010377567943942,0,48775,1032,15.195224373649019,11.933220945038421,27.19563195511084,26.269661237858287,38530.060153028644,79.28676962584507
3,1.4319155681352624,0,47421,894,12.288920960355519,10.609421372004284,21.29454613786647,29.31455542377992,37917.36791726007,80.31533049496483
7,11.750122054946223,0,58025,1500,73.09608183235643,46.3228273259007,96.56550979610368,35.441792254080674,42598.701289868724,73.39542346040864
3,3.6658906465043852,0,54280,609,27.920312896867657,18.303144261348557,42.84352900176307,25.26164084029873,48075.67160980105,89.15957200864437
9,8.29641780454402,0,56351,1500,58.797584712339926,41.949958938222736,74.33823289103906,32.83211288619841,40822.760094644305,70.65862083421752
1,10.230096686795727,1,75171,161,98.34182667031278,84.97593836232477,117.11970324343052,32.22743878399274,74908.82413700115,99.46942016331094
2,7.057265051602207,0,48644,536,53.00675666892693,34.409444250811326,62.839373787160596,34.85462217390133,43141.90730783432,86.84649478249598
5,2.684589500923518,0,61142,1320,15.631544868147053,10.070494577228658,44.836440424070915,31.621001405835266,47063.34983983539,77.05779813141314
7,9.009280810697831,0,52773,1500,60.27344968538856,41.516076146825796,69.88373712168269,28.31464483435773,37580.97950034719,72.11937680963707
7,7.602765511095414,0,73466,1500,52.406815555136774,37.551182036160995,71.65714829178067,31.210569360306625,57858.954579108016,78.54805224090437
8,9.043756482821125,0,55778,1500,54.110561015216646,34.48526965881983,69.77860607574976,32.56846125152534,39635.53101791148,69.63917589148753
6,9.46721285142796,0,57501,1500,51.64891044445754,40.026319130699214,55.41711560116579,28.185984021773066,41212.141236537216,71.02566483312309
1,11.729514044532197,0,47108,285,73.10414561697385,50.464598369846385,91.02236161110204,29.549103009209677,44406.892434295296,96.96765197277534
7,7.30919608029381,0,74369,1500,56.86656067025008,40.387383275596655,61.9618768521465,30.16052280457702,59207.28719358857,81.78740459360705
6,4.75805223959662,0,70818,1500,25.88147318510673,16.637701462849822,48.93141551312825,28.59578506785971,56612.72382347435,79.12782645049828
7,8.133110125902608,1,55251,1500,81.50294626499306,77.99466538626518,98.40776821439235,31.04406028913725,39346.61109105204,70.39351458541103
2,1.7528478016688873,0,68341,531,24.421914573275252,23.780224839055197,50.71941004828594,31.52973682629861,62432.69381023103,91.19149652289404
6,10.871370501537449,0,56678,1500,74.9814524786554,50.970541364607065,87.03809541160254,29.385138547953666,41267.22570831061,74.66947158377009
9,2.3131911247201646,0,59367,1500,25.004098052694232,15.324883219207212,37.27030246360107,27.765894200102192,43613.94341731598,70.83852312667148
8,4.606271216744001,0,74672,1500,47.68637082387392,30.059837356801015,65.32627283121734,30.589754401657903,59780.88658866543,79.22521077852048
2,9.97319918688733,0,49332,507,55.88946323803557,38.88413686789238,61.200873835026556,30.514014705831787,45172.79225579184,92.18592435497725
9,7.57043616163783,0,57002,1500,42.76749119999441,29.652429118917226,59.932944007749164,32.055981941947714,41020.15095860784,72.40647154048595
5,5.329990723051863,0,65284,1274,46.73852886387777,32.92274226310716,70.76248876940221,30.180926469550865,52566.2554810518,79.87788069593023
1,6.207792253125236,0,60700,316,34.29084000549233,25.87661152278989,61.853645217686,24.741445300272105,57770.9879672238,94.79617223731634
1,10.400021325223983,1,58769,183,99.30776830762316,90.88411024352584,121.32566879654651,33.932499057984494,57020.63318245707,97.52146018309904
4,4.740048246658814,0,74318,1038,37.22757904082501,25.96921940244668,52.787938721659195,30.67436163104403,63812.305991618035,85.2482689360876
4,10.566146532933885,0,69323,946,63.325729652469434,52.14321702888425,72.13182660437877,30.482244944308505,60466.34476840438,85.62890793381635
6,1.9694787407436065,1,72610,1500,52.71405766137367,59.662561499329854,75.45401005144409,30.762822716440972,56287.78441620556,77.24259974628761
1,9.544782809294938,0,51963,272,56.278554578327494,35.0379484334666,58.805222908453636,30.756844475828263,48112.82095893728,92.87457248653256
6,10.3230239636021,0,52838,1475,65.02344954092912,39.335606735601345,82.20246185423959,32.89228366979997,36714.37651755679,66.29812854495236
4,2.9999941812107265,0,57243,1025,30.087067577827924,18.278350802341876,53.92874970570292,25.74152635281219,46401.24692271346,81.64845901081841
5,5.733811856094205,0,72939,1250,41.58794939824034,29.722198098968747,56.18007531389842,29.457037763362532,61515.95311212546,85.8001673986953
7,2.820497521300212,0,46845,1500,26.177806195594705,15.206465713045155,34.844059384322755,27.397096308422174,30393.83492894541,64.34582141465218
9,8.772645418936396,0,61766,1500,60.13391206988472,39.583229469693094,78.33749616541478,31.417238445356688,44344.28805540785,71.28533632234033
3,6.888825448678224,0,57780,688,57.74198622236527,40.52365850996162,67.9632953365206,26.49755127453556,50115.70610878274,85.62776025915235
6,7.988556813791531,0,46509,1491,53.611767059045675,36.16034630578686,75.6227443390936,33.6959900527492,32467.010914388113,69.57944121511323
5,3.1613566365183225,0,68957,1148,34.906735707612704,16.243912025455067,64.5494396989236,30.177402840179585,58421.23029241482,83.88398920584213
9,3.329204482576615,0,79346,1500,26.815137422856356,23.079302309969,40.55326913108694,29.094246210579833,63658.044756385425,82.39983166410362
1,1.4564705806089702,0,62263,220,15.611946398920486,14.308190042871665,30.58785803766535,30.9789970710289,60864.634035457675,97.94100765991328
7,4.542742887153027,0,71148,1500,39.98029137233525,22.845720527382547,43.734469474749005,29.368063152780923,56969.521699878496,76.8505852588028
9,7.157191274670424,0,76533,1500,49.61828365543537,34.960362957436246,68.42002441860235,27.39378814755727,58595.80119150612,77.41859341767453
8,10.437284053970616,0,57931,1500,72.83390697806848,46.51752876350118,87.58410111737673,31.833840747487212,40951.08966951235,73.2681327882776
4,8.336201922045488,0,46359,1005,63.30812718869624,41.880502712667464,76.76065330104986,32.49062844991364,35758.41187172324,77.89730183538882
9,5.789359557397265,0,69532,1500,48.142221999123755,35.644167202808035,66.83659318129644,30.46018488221686,53114.982612545755,78.17428823319081
3,11.484321258335516,0,65344,742,76.50839794367849,56.79606703017515,85.95367242485338,35.28993673469725,57988.39043714113,89.6140552375884
5,8.91169720633415,0,49242,1346,42.43167060370588,32.848741179178774,48.57777553738003,27.174297725538942,36066.870934649414,74.73059856626304
7,11.23181723148805,0,65601,1500,73.38169865527539,52.34654587509258,84.12973392198717,34.22062375773429,50768.375387939624,78.80307626328948
2,6.803467705993822,0,64116,522,53.33173767729413,42.43303931983567,57.8913805377095,31.30944542093647,57405.72277715923,90.96478927056542
9,3.8479470227245356,0,75782,1500,27.880822102813966,17.074328674252246,38.189431759384945,28.232687912459706,59169.734416894134,78.55389093788976
0,1.5810935500119419,1,63880,37,52.94933030800865,55.51001456084886,82.00242499315895,32.22285250357433,63796.48736233023,97.29671712924589
3,8.986933366322354,0,48499,785,54.72102575990059,27.926206498949043,67.27304019058727,28.42646613914179,40458.595305753915,81.78756953290282
3,2.3343329780608753,0,76587,779,31.809217864308767,21.894226433689383,35.842382092119905,27.252877497231804,69006.30913633046,88.49542210524633
0,4.330526410991639,0,71020,0,31.8726417295757,24.629623066849266,59.833168935946304,30.940888526151987,71020.0,96.21160566332787
8,6.857179986722871,1,53080,1500,75.32158939893112,73.86615102728739,100.56946197318214,32.74732267142435,37129.77747999229,69.29845107879584
2,7.208582465577225,0,68207,586,48.72266149760605,31.60978163535083,54.643898901976726,29.491989330715604,64229.22795239356,96.29129811436782
4,7.606415166858496,0,78957,958,64.27912694379384,48.37349128591383,79.83938253014098,33.37203719572785,70053.70978707404,86.56931059764209
5,2.828808633846707,0,58908,1344,34.167404519614514,23.621860154212055,47.64727879840252,24.997294736420454,45868.90123157397,78.95743025200687
7,5.177111453038136,0,75652,1500,48.948576559760106,37.32971043986688,61.092091530659175,30.6261369105194,60554.984071571635,80.83778441442243
5,7.789136498286633,0,75344,1258,44.88008321403196,33.36065699024742,70.10912005440368,34.16180663321915,63374.654671937315,84.45869102088396
2,11.668007510971632,0,70034,488,66.99356382399532,52.593530512408826,77.64230371406428,30.457650998205644,66478.33754685524,96.6968190200006
5,9.003942514696575,0,70788,1199,66.71261079207136,48.05628100471476,85.53287624562581,29.354072053120657,59635.4312610479,84.18314279297027
0,11.148641328033536,0,57751,0,61.9424008990343,45.79945132106113,69.33462067946473,29.76858294843667,57751.0,100.0
3,9.384332641455947,1,78793,707,88.5632423530314,81.68740129230156,113.6864773132279,31.060752836326344,71054.07703489144,89.87892245444034
5,7.508886657816404,0,77839,1258,62.821139992221305,41.96323739423893,80.79768414243607,31.915184876874825,65606.94206864225,84.80048383116137
6,3.11225706049979,0,54385,1500,25.7439616509755,19.98370198592431,47.57693422423906,28.65876667402875,39848.147946715384,73.05807216182264
9,8.333542170817644,0,63232,1500,47.56272359051209,39.3048293035173,68.83649791572381,31.14438353746383,47354.28235362598,73.50404634754594
2,7.8571752255589775,0,79790,497,54.523248649676525,35.70275146308164,68.65320292344336,30.229785015182383,74226.88050653433,91.00792035004966
8,7.627160875029931,0,60831,1500,44.23708950434344,29.973417337890055,53.01620916013429,29.633086968498077,45421.457174169875,75.53113587090245
6,6.387644547870648,0,65125,1500,53.12447310421783,37.29373291382318,62.101136004667296,30.869058729876425,50765.40963191989,79.97165509694388
0,6.815222643882032,0,62682,0,44.60181947196169,33.96085887014004,66.13215152954194,27.89527708599649,61714.1071966975,98.82209971916312
1,4.6788677982991445,0,62288,190,32.91814384693612,24.42453262440793,41.871881924337,29.041920591376066,59306.85491513345,95.98486116537349
0,6.712439619065335,0,69405,76,48.70910985864668,37.74862952678627,56.174121257388784,32.39034384498211,69405.0,97.66851746274048
8,3.1731149624632606,0,47620,1500,28.843385549939022,28.086007787521893,62.787193751032504,28.09953094430034,30935.86599095735,65.54190602590478
8,9.856918370964145,0,58854,1500,65.54633782322482,43.326831236312586,78.91348313597157,31.92973161635685,44084.188225516016,71.78494104628054
6,3.043546501685786,0,54677,1460,32.82525475544243,25.41659424139126,57.48356746253186,32.188083092278454,39773.849731644594,70.9499211406784
9,1.9346291887841307,0,69074,1500,23.58670722653618,17.79325417132401,50.036557124669095,26.69283399896299,52881.89587821417,78.55961200333286
2,5.798706289928731,0,62824,465,38.1862883997135,26.806562749511247,56.72407036763515,31.133634898494872,58373.03698266185,92.9356619055665
4,8.241381834566681,0,45765,1059,59.85945059815723,44.325956313417194,75.06443481272579,30.56110650311438,34721.4243242792,76.02770259102832
3,5.814885074268955,0,76615,736,40.60737628083313,27.35795131498954,55.16511968755967,31.43588548596814,70339.36506402412,92.63957100676267
6,4.044295451464395,0,57975,1427,30.87603238479346,22.90540559594337,62.84256680699905,28.37849094037756,43336.61936090763,75.94772461547035
8,7.139883022794848,0,54341,1500,51.41271818975449,30.767733013972347,61.76103477181521,29.922772366980695,38388.03105655147,70.23660868169502
1,4.8170256895342,0,73141,248,29.44181635139264,18.454010333551555,48.30354974374711,25.827305885243454,69071.2675166876,94.87514741396079
7,11.261544591392964,0,57334,1500,73.26210312270008,55.47355544232911,97.1125927675775,33.64358524374774,40764.88760732158,70.99645319170632
8,11.149096535639293,0,60835,1500,71.72429269761741,54.24333681874987,92.16192225080471,33.27042723651655,45736.703027652766,72.88358434111787
9,6.52609001969305,0,71548,1500,53.239548299830346,38.30541699675398,79.77150652836166,32.463325363066325,55043.57413240672,76.40061312591344
9,4.6067239342008435,1,70039,1500,65.53165897308224,64.05996226359858,88.25604840634634,33.043683173024746,53070.546873409025,76.39242169202953
8,9.10845655352303,0,77530,1500,67.16644042772649,50.31757161814831,90.84545158098261,32.08548542545781,61074.40515352077,78.19771664001672
9,1.403842378313733,0,63565,1500,24.667426394078046,22.213148001841184,31.550159902627072,24.568753474245327,47503.869580533596,74.168884094863
6,6.222459066480163,1,54834,1412,75.97834946018462,71.53537714256517,112.13002195835331,35.95455733399355,41546.29687045107,76.46342094074105
8,4.699557336973669,0,45840,1500,47.58126631239853,27.48680767207171,71.27736442732856,30.625320634708682,29390.614910025044,64.35733040563689
8,11.125894736128101,0,58873,1500,71.10553733487441,51.570415836228165,86.01312248859998,32.66801781749013,43749.68943814817,74.83978840190666
2,1.132033299999508,0,76568,504,18.068329861859286,16.302904012931272,42.50315741763273,28.02982117798415,71407.93946972938,90.82372809381505
3,7.08096363290184,0,55846,777,51.024018129866654,38.06674679625896,76.77630403174923,35.05962506846046,48530.51964523001,87.54328640745365
1,9.147299391732886,1,50899,213,88.04165112309451,87.88947257508592,108.46770353788631,32.54211899760101,47274.96891328414,91.21729289070255
9,6.335197862764454,0,65502,1500,48.54422271679574,40.258158563869586,68.09940414751073,29.235730999781442,47719.058334573514,72.81451803164468
2,1.9394333317899384,0,45565,494,31.300603068937217,20.688832961668716,38.67877850426427,24.971014559333398,41269.06859868713,88.97705631499542
4,11.697075290306925,0,54187,1010,73.44535628908832,52.2077269446703,99.27840865667115,33.16809989201234,44326.95435221487,83.2030575978166
4,6.698114745137077,0,52226,931,48.941272026052026,32.27275105018424,72.08322370735665,34.4834720256659,43100.94175868652,85.2721600445623
5,7.756048687509125,0,49311,1200,57.76939941019206,36.350324800705145,70.58921071728506,30.89721220444018,36347.984760428706,73.49035423425778
6,3.6027076097825805,0,70689,1500,38.94973816945356,23.411059499409532,51.90006625814179,29.60623606920703,55351.212059745216,78.06710598799918
6,6.3184789361748415,0,51083,1500,44.32921835479509,33.89853826140873,62.35514765690185,31.93484002482032,34745.20160892002,69.56327621030849
0,5.7206444115415405,0,57598,0,44.46490208872585,32.33698154485386,55.66937334505551,29.777742978158958,56920.041452080455,99.68077831229695
1,1.823854262021821,0,61940,276,28.13058284734285,23.25125135514335,47.1116747750855,31.16751318814056,59213.710451098974,95.49157516504356
8,2.1677638890221393,0,71880,1500,27.488580725495886,29.368492147712956,42.87554828528011,31.125528762996492,56142.26160602271,78.65785406909428
9,10.21219771580652,0,47580,1500,56.750541400189434,41.7248493930982,82.09939846609349,30.381967889192826,30509.656148980397,67.16757885403254
1,3.6380194742724927,0,54386,261,38.10373217091957,23.52093020324211,63.71819005660955,27.23659486014319,52239.72282750662,95.04581633177489
5,3.144540986484936,0,64522,1256,33.337111505993356,27.476485336895184,61.302053476145986,31.283343650044298,51943.375787424695,79.62607753475773
0,6.554025963751532,0,71224,0,50.73987351979169,32.291862294489746,57.03625654323122,30.208163322709687,71043.25614915778,100.0
2,9.456218444987643,0,59635,469,56.32033858667141,46.41758454980896,75.3333892007529,28.934950711299877,54949.904962071356,95.3123674518186
1,1.681411704368867,0,45671,234,24.169008195355197,9.032509102060594,43.695492197383714,27.139563386203058,44978.69538076013,98.74997225418907
2,7.344887116020814,1,78545,453,85.94116174712721,77.97261742164599,116.70107005686661,32.973799180456076,73792.19452479632,91.38459765557116
4,2.311314871246307,0,71855,1065,22.153671331715525,17.99612302464479,27.579345638969556,27.50126425027489,62096.79487431113,87.00516098051192
9,1.401071559081803,0,59260,1500,18.9026350461871,17.941928507629143,46.236462084811095,30.693687061072733,43197.028222169276,72.10665113422074
5,1.5801834737843912,0,46074,1235,27.203312974259937,16.334386576821224,34.54303540385226,29.870189110509322,33495.47249760392,73.41353634246148
8,10.175805190292854,1,54475,1500,92.54351282761097,81.34742710791438,114.96810620543218,35.779094738943385,37234.77108028694,65.9234998995087
9,2.297697319908677,0,57878,1500,25.445942211815687,18.40562831481649,54.530280745213304,28.77824755133573,40876.218205779514,68.41110921235695
3,1.4966650085352113,0,60120,735,17.31023174713983,19.753137623927422,49.23927061942158,33.3793666196917,52801.10679480277,87.38088640059625
6,5.8168987585720355,0,68147,1436,53.18418662945601,31.07542010729195,78.05726354930204,31.311022015590623,53575.178578875915,81.09545053926578
5,10.283928191362273,0,46986,1291,69.02275478265416,47.05944795916805,76.4132138780797,30.335438428412576,35195.30653853931,72.84851770815253
1,3.8864921413823215,0,77430,112,33.15548582338077,24.249580155269683,45.46375928705195,25.904967743291078,75447.19863343936,96.95871540281925
9,5.63883879278508,0,62430,1500,40.98231801126438,25.503825154920264,52.83889504391477,28.532032149208412,45812.55090533993,71.18656372061682
7,1.4391478582012636,0,47176,1500,16.053916175269386,8.040196451848853,32.48092330136852,28.476020680619584,32105.09156549751,68.48867374661816
6,5.939863655483634,0,63722,1500,44.148817821277795,29.970606016460646,63.20820285944954,26.884177726407632,48499.49083174049,76.44331838231894
6,7.353743887008471,0,63617,1469,55.09400984099259,39.73664619289271,83.14276860883461,29.74319896950097,49643.938805307196,75.89978026295277
7,7.2799775912735925,0,72115,1500,47.35081746998429,32.36532564300236,57.16425623813981,28.638458046357055,55744.945862819,79.23166592984177
0,4.656693613918017,0,56906,64,38.811173676071995,33.030084182714255,54.77092080465805,27.830893943976076,55178.18625753782,94.08043123045675
0,4.47086498729449,0,51610,55,35.51741606322735,27.232606357866146,66.31588137716332,28.589526510594695,50940.863524013956,100.0
7,2.1728598083025767,0,58411,1500,32.76487868939038,24.46807117543355,42.620579789826756,30.65887460564617,42854.170527029775,75.42831324154618
3,5.034781527108953,0,54180,712,36.99041381566711,30.003904148200462,63.01102035606451,26.73952259097044,47158.48070435683,87.49908058320774
4,2.0944413576026113,0,55073,1071,29.35798616019721,22.153801877797736,47.98251037263561,29.189340583505494,44615.76374638079,82.3562123459461
7,9.432555391832567,0,75960,1500,69.13288993887967,46.620276448009896,87.89446205762415,33.06971408413271,60133.282936371164,78.89724158522706
4,11.629017275230044,0,50901,892,71.25943335726237,48.82899353770612,80.67918795902811,30.48615765299027,40558.625776503395,77.3708363223831
9,11.670819023333776,0,49482,1500,70.41120787841766,44.77010066044667,90.28918535658484,31.769236689440735,32887.032981909026,66.81734699672958
3,10.515782093129332,0,70428,736,72.1924220582698,58.55420818695316,87.35888957217679,31.907617246260493,62208.604302481785,85.97298758962522
5,7.60871364273581,0,52400,1264,44.13744864166984,34.61910992810514,52.435232441406654,30.463431127973198,39844.44494870306,76.02269693741812
4,8.709522669682679,0,52396,1000,60.700586543926654,32.25208356814667,76.38670692010987,34.172318887453535,41509.60597991188,77.3675889675093
6,4.137263829484555,0,52338,1469,27.80971018323536,24.79931085883672,29.0607717514428,24.75586918301118,37889.36808885005,73.85673152847923
9,7.938474621898827,1,57500,1500,90.80443143532577,77.69937144296557,108.78833002173201,31.87054719289802,42334.32953677397,74.19517418244394
6,6.012145043838652,0,56545,1473,43.80024349690159,32.74284635973623,64.98067406229123,28.466636387428142,41180.222581463524,73.84480350220414
3,6.302190737546257,0,50241,954,46.057063234019935,23.423841249768586,65.40839972028753,30.20753880902219,40096.91619346168,80.3195908877848
4,9.335542164126737,0,68778,1007,58.056464773845285,38.9270079765054,84.10953642257228,30.92920178328829,59637.60810374773,89.53151761352173
2,4.101101911569768,0,67821,499,27.59197324148778,24.6781153000088,63.11460066271826,31.382016996389133,64242.600702072334,96.25735883204393
3,4.498435728639719,0,49695,860,43.82148083135885,36.26157212842894,76.1976603207803,29.782829279965217,40318.53545788906,83.687408724713
3,11.171059702415004,0,56530,668,70.00001097027855,50.22710925041086,88.64594483536402,30.315175055270068,49612.77394659189,86.41354371028572
2,1.6184672433606946,0,59318,493,39.136179250343616,30.545184648191956,67.75924209296524,28.89446438411094,54763.40523338339,91.50785445309363
9,6.341977282546744,0,67331,1500,42.65897739743588,24.20700327497147,59.10779301682346,29.96000107317236,50622.79464990294,71.55000713518781
4,11.04080880448648,0,71355,1038,66.9705733895194,49.03273446334357,90.18595627708157,34.142722733142215,59649.71095415591,83.00711684347894
4,7.713993085999727,0,56324,970,49.083744856648764,37.76250437278149,63.536727778866826,29.994067833115285,45465.67064795552,80.66834171854455
6,7.010477816333453,1,73149,1500,79.17158628564383,85.69909375075123,114.04910517474704,33.00760526439101,57134.765435777,78.75884542031318
3,3.7471859715229074,0,48218,780,41.61201939653667,26.635536378849963,54.499010049127826,27.297846671217755,39645.91671822231,81.42582027252374
3,4.776030379708931,0,65141,796,43.930838582413074,30.816798275801595,60.37854970717473,32.75355161498317,57342.48099620595,89.13284962889621
8,10.372532573851622,0,47837,1500,59.33989370133512,41.850386037543004,80.25096041124827,27.898146979536428,32715.183872987305,69.38838475039144
5,7.15139944945304,0,59379,1236,56.77759762625112,42.5386532734806,92.06691783162029,31.993207065282206,45905.03109149537,76.59817025674762
3,6.6621641313245785,0,49239,666,51.72477708722853,39.72938671392251,74.05772281169993,32.40406757760759,41782.271524863514,83.41840400578084
1,2.095376848940318,0,65812,310,27.883823377960706,23.762336811731956,48.51779896454238,28.481705557232495,61944.03149143397,94.22156198322831
5,1.1763097210063544,0,74669,1334,17.460344437829633,16.174089743731987,31.909041856996566,26.420079510350746,61727.731158847586,82.8174684022109
1,11.60053707555754,0,54611,193,69.95313388465063,43.04272054921257,90.66285328276174,33.32434389283064,51909.46067044661,94.14151426595616
4,5.146847840155258,0,49150,1044,41.4195753669043,18.5409152355702,51.4385228626513,26.927518122023532,37989.42353321872,76.90401228007161
5,7.635343683094548,0,56109,1179,50.41090510533136,33.230128025399814,69.85482834779533,27.10680545056562,42899.3507242227,74.3303762388108
3,1.876865805060135,0,79214,762,30.947488945746343,21.52157488359688,54.94481887964947,30.10191410013441,72705.77264727715,92.80181937657693
2,8.514257142953511,0,71016,524,54.59150733413926,35.76098409674989,80.74826931735852,29.469496348560806,67575.64974022486,96.19762724818465
6,11.25823379576557,0,56936,1474,61.557347114686415,41.25135040827609,84.29906330510713,32.007362602169856,42211.33869362282,74.2117038866745
1,7.332317782971616,0,56036,255,45.154304198043675,30.26301522766977,52.436425872608574,28.948382279234668,54684.47625837172,98.73636826075226
5,2.3872685461295164,0,59021,1300,20.746525866523253,16.832332104243754,27.12649389289488,27.692210299926625,45667.47106179937,77.57168785896202
3,7.398936802208244,0,60471,743,50.67794364292458,31.33979232989109,71.68843608391435,30.280915010480715,53026.282296226884,90.11317934081289
5,9.429819344151175,0,68244,1209,63.2294268886025,43.949287742178846,80.6003351655309,32.551064126439705,56593.018558581025,80.98285158257997
3,5.470581902314205,0,46502,676,42.621911694947485,29.554643721587077,63.48222562072504,28.67148149600076,38992.58604791771,84.15410289377087
3,10.678215227356146,0,79178,726,70.69562112524083,51.705732141702526,102.02829935520454,34.7247407333191,71742.4389136519,91.9640798226398
3,8.13551248693101,0,48770,679,54.41616231440164,42.73893297893276,69.08645916442333,28.09166984763306,41611.6924005525,87.56046375732613
8,10.891738101181227,1,49001,1500,98.37415553220295,95.59833846502764,137.1549364968688,38.31764288479439,33351.19085763743,67.5923069823956
6,7.85855842372071,0,65946,1472,63.05209199011365,41.15250127139378,73.55419987832632,34.98762837227499,51219.650291758895,76.11210756407868
2,2.4441676920530666,0,45598,548,33.24762631656972,15.273439979340834,60.10744572034078,30.02481847969219,39632.07557232338,84.43368544449488
2,4.4066088221570805,0,75316,504,39.074546520308225,26.38446964927461,62.64111061008266,33.149636085317624,70043.28747134145,92.74439768798962
5,3.219744430777026,0,70567,1402,35.682074532271265,18.6229847393905,38.6637129057368,31.74991395757735,57742.79487008888,82.36948645941918
5,10.997091474885485,0,71508,1129,60.35438154695893,53.186374719899135,79.4675867107199,30.715538195397848,60415.084400132975,85.90427100891067
3,9.36440074016231,0,75276,768,57.70931060623435,36.90499534899192,88.40342850596075,32.16800407456197,68001.47677035596,88.69299355080604
8,8.440382058010066,1,68671,1500,85.04089272002298,81.78395996662701,126.23805015435644,33.470808998466595,54475.80100796398,80.2447916976931
3,4.310629515947839,1,61450,692,62.499317769644165,67.48578686544863,96.07625520641564,31.186884665200395,53509.24002703338,83.06124682624501
8,3.0244924925523486,0,59908,1500,22.393775918719104,17.038132456055383,44.78920965549282,29.048876857136158,44475.80746903902,73.13094009597754
3,9.32096196787803,0,76212,743,63.707528852219106,52.902151601790166,86.59347049335814,28.6558215404551,68811.84298233374,91.5804531158045
1,6.215737404669876,1,51806,314,83.00742581977248,77.2952735133775,111.94831350377983,35.625431667609085,49069.05318187816,92.61739905156412
1,3.4836850736569205,0,63015,255,32.354376753287816,19.30853669781553,47.94049072374836,29.16980879231558,60620.82603642413,94.54525381384883
4,7.782841759818026,0,62158,958,57.155119027260056,36.462084870477,82.21226792658814,32.93964515053943,51932.795413306914,82.76152184627874
3,1.4436723735229717,0,60456,770,22.00569209767704,18.404007246788655,47.028217799343906,28.398195000680953,51967.95890741988,86.22545739706992
6,4.587872795410789,0,72588,1486,35.73116992867025,24.252625965008946,45.84217265542157,30.012427731210394,57699.86577256184,77.8166555137296
4,6.154126940502481,0,67491,932,50.36661749760102,31.710676290707845,71.31524294681142,31.20050996816944,57409.259912221445,85.01367149249653
5,2.627541675203464,0,69188,1235,20.99675367197945,16.4629484324799,42.149399868464926,29.38640195455272,56512.315951011624,81.0310927477118
9,11.831199253499236,0,72079,1500,64.83898253776835,48.22428467679109,80.51583705165847,33.24469139851727,56217.528204205984,79.7312211784228
3,3.3000710104857567,0,49019,754,24.28885594287668,18.08741990515852,58.80523834515382,27.17452127983817,40505.49232523843,81.90655784737146
1,2.433884430475921,0,57419,269,31.437362043760047,25.604538999974462,52.49485089488933,27.793438757237574,54613.63029640419,95.1567228089047
9,3.2388836127558602,0,78697,1500,31.63047359820974,22.49372597014807,34.570429292608544,32.3952775269609,63040.61283439309,80.35498979078346
8,9.459672464756967,0,64396,1500,64.18105222001876,42.552235205288085,77.85404595486919,31.64286880805893,47990.259971677755,73.89406008519799
9,5.6805622519902705,0,74892,1500,51.787426227239095,39.49679864511341,78.76876281289157,27.867906284545665,59567.56417745203,80.69250552788431
6,7.219575337277918,0,52973,1500,45.28117831363383,28.136471805430336,53.82514385222377,25.883526605907726,36732.364668328184,70.80809380017932
3,1.2311007268499683,1,66113,751,57.17635548006918,55.50790744724852,89.7358083768629,32.028882067726514,60060.507632439476,90.11178275309852
2,1.3787443943064601,1,56136,630,49.91209990078916,59.562268527355066,71.74688543323224,29.693677100003814,50110.38672201326,89.70572492557368
9,5.9040810480971775,0,64203,1500,41.77860086425219,27.853628720910162,69.68736418875282,28.962245446986685,46640.08828128953,71.25342456340991
2,9.983207675217859,0,76285,517,65.3221402623473,52.388233821423,80.80686635488553,35.05083957699903,71815.54211291156,94.96138797529194
8,10.737627665783217,0,68039,1500,69.8768196073154,52.340152872027204,85.28183789525872,31.08432099177517,52383.668092741216,77.33988420994612
4,1.9537722435520424,0,46184,982,23.71615051989401,14.90595050832245,38.27526723025229,29.703966962824715,37433.71822668055,80.50752361552748
2,6.921994123111251,1,67727,596,82.66154212086441,79.80796521365575,114.28052928908083,34.642691938544516,60730.167255596345,90.16396301966668
4,11.045526549071976,0,61911,966,70.65384812941527,59.571214788378185,106.93087268528726,32.96469118541696,51306.10676912206,83.76002822657615
1,5.2677002983767505,0,45916,240,40.341843408121456,31.256382956934587,59.951964627057926,27.512708161534732,44112.04142459256,97.9167582694234
3,10.125224145712055,0,48574,736,63.54470004966136,46.80808566173271,81.44362963546666,33.05395347886263,43225.628747588846,89.58545360844938
9,2.470652198393798,0,62790,1500,28.54499332055724,17.602611029803583,41.34215281892239,23.618647211003,46750.19894632829,75.78746336876496
1,11.289339386345786,0,62625,223,64.6634077944984,52.64260424094378,72.10057500930391,32.50940095069267,60925.06942675072,100.0
1,9.265656492844329,0,50206,260,55.95596331432171,44.44092517407708,72.0058561644024,31.06303956879311,47016.98837822871,92.09719778335948
7,11.354678320655918,0,64517,1500,69.93614125729869,46.613050753202266,75.19618914751018,32.25284865664795,48871.520130352714,77.50681727413017
0,8.442789569077572,0,61105,78,59.93832314383581,49.478477622324235,65.60370498291368,30.263822432207938,59985.13240221794,96.8485832096545
6,4.9974432519936975,0,47690,1458,50.701466878592775,36.15003168102433,67.87992546405215,27.96170577794019,33427.87418275498,69.0239198181482
4,11.319992897771947,0,45690,1058,70.80333630944172,46.20080871792909,81.2416444776332,32.30242500809298,35969.62051871652,78.70766822743732
7,4.031234539400963,0,70103,1500,26.285016240326005,16.005436540954058,54.78630748126112,31.080704429569767,54751.57342680034,77.13256627348285
0,4.653897742679058,0,79263,0,34.3182511652338,27.533581283962764,47.51292356665973,27.842736256723295,79263.0,98.78015194056988
6,8.708892598019144,0,56085,1457,61.838922238056874,39.95324493921781,82.44291505943117,32.91021730058459,41406.00391363857,73.73662640284002
4,9.41847929477925,0,70825,897,57.240985929151506,35.656224586194384,77.3792850699384,31.783446072266525,62708.724288748075,88.04050674360003
3,11.223438322340693,0,55720,776,64.58846532231124,43.45642779594395,91.17835785295536,33.19537292865803,47322.75937368572,83.93162124601433
6,3.2528264996183047,1,56720,1430,64.53247700616193,64.01468100667489,89.25302036281768,30.421172232493067,43412.74905210316,75.10977312634127
9,9.777978387411464,0,45897,1500,66.21429224152189,43.65674246651107,92.10928604505874,34.93306827550265,28824.085691618748,64.93940093637914
1,9.124006587366598,0,62094,295,53.257329223049,35.46435088038217,74.17414655882114,31.525993674951096,59247.10953478371,93.61489190338155
0,1.7017401187895764,0,68572,43,19.03373386666948,16.991338642914204,49.03018668324165,30.585834451362405,67272.56716668693,97.85349022667774
0,5.259454553312277,0,60150,0,47.52062365064886,34.29044630137199,84.81085128108312,31.00856827680859,60150.0,100.0
0,4.1104200276610845,0,61799,18,39.81632148877713,25.808862029549967,55.80843660461141,31.429256565131816,61760.18805482189,100.0
4,4.349394667894334,0,54663,1068,30.760115760465776,19.820688703204905,49.732889998425925,28.134746628499173,44709.91711603761,82.14249221319206
9,11.81241567510171,0,72007,1500,64.11763160094962,44.35571741561932,77.75390895634189,29.43680022612519,54119.970338764906,74.22385540439251
6,8.070551548279207,0,70671,1500,56.69534732070039,39.389086292796186,86.05022864014599,35.427703138328916,55778.08409629607,78.68442858405605
1,8.894437735728495,0,70385,181,57.99184870244883,40.31354906684452,95.78910593810627,27.91779743236536,68759.78459187786,96.00485785549046
9,11.7427940104651,0,56236,1500,74.62267953596087,55.75686632737255,98.52536170169296,38.86180762354955,38945.13659371629,66.89442896491111
7,5.149219607034025,0,67024,1500,43.91940775438982,31.53173904524113,49.2368642170235,30.342429535729195,51950.41274877265,77.05976292444394
3,9.820241852980866,0,62376,789,59.319862177924215,42.42973423094381,69.74190485833249,29.949734591899787,52726.255619028685,84.2241613228759
2,5.779840596349449,0,63157,535,41.73847534881775,34.92407415897278,71.78184147392486,31.394699011596668,57774.819727204966,90.29607903907447
9,10.564870389964778,0,64945,1500,63.3290593312949,51.8369472594747,74.76105829677866,32.38554757820133,49574.99677860303,73.78999432158942
7,2.987232954424335,1,68017,1500,55.61998960721922,54.010107580261455,75.57278650203875,30.380922563638396,52407.90504028334,78.92896567437758
1,11.424547947707076,0,46756,337,74.94653570515753,46.146942544027794,82.95653150154035,35.707008308475636,42984.74834897602,93.1253369749957
2,3.4064887925196765,0,47576,368,32.75278686932045,21.52932635003477,49.799131773578274,31.93505951418627,43580.28318137182,92.91338380638082
2,4.588425576790247,0,70467,558,30.127419033397548,24.221707614956873,52.240986582340405,34.632932515911186,65082.24390183634,92.92610008962312
9,9.318114575174585,0,76205,1500,65.21609108545549,47.15520935976856,67.59180778070467,27.964462049863155,60422.0828341004,79.54441313043183
0,5.331306557219474,0,57674,0,39.90618241320637,32.150726500091984,47.799562722681664,29.254575191854133,57674.0,98.95947191620489
5,7.690325144430913,0,67353,1209,57.307452756294175,38.545761546637465,61.62876723043708,27.156276610768984,55790.62385374907,81.95292885753246
1,5.890308511763713,0,74849,281,39.377852329087375,19.737669301649156,42.42332496096558,26.210921320276015,72174.64193932945,98.610028809081
0,9.1660693079876,1,49535,0,86.20190644644985,74.8742075874028,109.28630264931489,33.09036927740943,48935.54511324941,100.0
1,3.5116437760547194,0,62118,331,33.81678037080694,25.93068249419926,54.81203393971924,28.7686057138641,57848.51525396648,92.8496854012327
5,1.6430378596056472,0,45632,1313,17.732888857179862,16.66003662225878,47.07522547765568,29.505825438641132,32925.34657142915,72.15971921932265
3,4.299223372203729,1,58280,666,65.1217110073098,57.95801031270842,92.49146719606664,32.17800114150479,49475.01264250058,85.99040519233661
5,6.217395313552733,0,59746,1205,40.03660925596729,33.668256612409266,56.198034821824656,31.095791910766323,46193.83852390155,77.45723951751816
8,2.8482205741194644,0,64285,1500,27.284254205239073,20.95750799086577,48.68873274594261,29.53290870318184,47166.57235899524,73.62459073561114
9,4.902770186220275,0,63047,1500,39.35457977207688,27.26651744733633,65.6798319914199,33.549452857100626,47118.69776067043,74.64612955346654
9,5.399813201229254,0,55207,1500,42.075355680650055,26.94545634505036,56.898880104794586,31.20951752863714,37515.16575599953,66.54688563816353
7,1.6313102805710091,0,50591,1500,21.3328150465233,21.297614839882304,40.96514740656736,25.919290632543113,35467.11014151704,69.54605384634186
0,7.41637973002625,1,72757,87,83.74865015172195,82.21208083696163,103.79557222966274,33.01266978901843,71235.41811346846,97.70818036654516
7,10.727777707684163,0,61226,1500,69.37788376598101,50.52781244369329,80.45202996075496,31.280140513911228,45608.81346119217,70.71240681487535
8,2.6691720424835768,0,74732,1500,27.899026893733865,16.603708816800243,50.52586471056745,29.921878664387222,58681.9171807669,78.6544155055994
5,7.575888147416654,0,72206,1303,49.75018807352775,41.28185655907098,70.46044519763556,32.78739380748179,59152.83805218575,85.40617944566303
9,8.31213125401931,0,65256,1500,61.901875017989084,43.452717144411594,94.53461172438197,33.127977295384795,48238.68025128092,73.27816081721963
4,5.612681484612172,1,78822,1054,74.99484346422382,73.69246025318915,96.42947850695005,33.87068209312809,67136.90132516704,85.22502271845175
5,8.71207346100697,0,54784,1333,53.37982298557487,37.6581136826126,76.94793595791606,28.887380896396017,41641.46618985184,74.74954081109833
5,5.518046978401133,0,64937,1315,45.834654270458124,29.02205613083511,65.10309383466982,29.289844178004746,52363.123313026255,78.99595799008385
8,6.551010167751784,0,56219,1500,52.1325190235223,37.77164726013309,69.45033967318749,26.7317831480673,40762.36602418575,72.04124998852612
3,1.0808834900986968,0,54399,807,19.996593654032594,16.785369803656426,36.906624911438364,28.836428656054867,46508.431040362055,86.43970083377754
1,8.608921255481576,0,78312,217,57.969169647034846,38.8119891123899,78.98831131784024,33.0020607178651,76282.08256379628,97.05727997800649
8,8.27476946839197,0,72657,1500,46.07949394504378,33.19195240461989,68.5850628521966,27.848837628244738,56040.113390637096,76.56856658021492
1,1.42240965058979,0,65047,214,17.89484286966533,12.76038770627351,38.73300724715267,28.415536322110555,63194.5757561273,97.89556931623525
9,5.050751181346464,0,55559,1500,44.47222798849559,34.79108490984556,67.48395447825747,30.19416062373963,39389.13492171481,71.1961929817899
8,11.769350248708342,0,65157,1500,69.93363525252902,47.757779591695886,86.13096507809495,35.26735695326237,48918.75780837335,75.36351674897865
1,5.628102188254784,0,51618,276,42.341301330367045,30.54519478599456,47.54793228027795,27.015094341336866,48948.46755874753,96.61373326296682
7,6.521399456450259,0,51780,1500,43.31389663192246,32.06840524764818,62.69752862510605,31.85211712098463,36258.56358735482,71.62121474150806
8,11.009231739756904,0,72050,1500,71.20023662294318,48.55389725294995,84.84868732564308,34.07403977347479,56415.23384786322,80.54372641584034
9,8.88988063452332,0,53015,1500,61.418115948331064,39.691262893113695,92.26644915475157,31.99141335254439,35279.93784313425,64.72783896125513
8,7.4027714423664595,0,48130,1500,54.11623052050821,35.230936887347326,75.15229182608736,31.597177208677664,30879.03308961848,65.44344203036667
9,9.775851494751798,1,73083,1500,88.1824526757255,83.36447701912215,116.20378314058911,36.45121657073858,55373.55355397664,77.51116184640235
8,10.508028931015705,0,61480,1500,68.07365518926129,46.71029417937385,87.90198078905703,29.83315232844078,45124.187013875104,70.94754659179803
1,6.025768789109936,0,56528,245,53.01169275215913,36.11382709216881,61.678984160486316,29.080018024474462,54432.24598024209,96.26239658118116
3,6.22619201425019,0,50914,796,49.873403763674254,37.32797290263491,63.709879678404604,30.469267795828454,41249.20874185093,80.20251804848706
6,5.2465602921701935,0,56179,1500,41.69945764130641,33.26758644102907,58.97515641104592,33.84606282656408,41254.20527590982,73.3969958740108
1,11.633767540203067,1,65472,264,93.51396599166013,90.22663968754136,124.3290794678928,34.146784665321825,63815.00024652027,99.18961491656381
0,8.668828797193854,0,57076,8,57.097361595420296,37.518148484384575,69.53947290137809,30.02584879025713,57076.0,97.90639674089678
2,1.9154537282887953,0,69783,486,32.80909654468203,26.657350056468054,49.00262466488795,32.01438681463224,63279.88661134991,91.04843053074268
3,10.492555856443204,1,58824,834,100.0,98.3399323741946,120.62705683749063,35.97612262318929,51068.85306399835,85.48137118311314
7,6.2861593491989485,0,49299,1500,48.73788836992705,34.620802657470286,66.75410305910151,34.70541798001421,33992.82501835417,70.71882458138678
5,1.7562929706473622,0,53118,1311,20.18481279276287,13.836128181910034,40.35348130992785,30.414769212174356,39855.89059901416,75.66414119230792
1,7.046889806796422,0,55756,181,50.49584394620936,34.22004709367695,70.83571628054084,30.37484438864161,53953.42177589574,96.5304038627946
8,5.588807068732723,0,52953,1500,46.81143951059124,28.51297891925786,56.77522340156794,28.96550533213781,35836.30777726016,66.59851388834268
1,10.655243453488874,0,60185,261,72.97891323559068,54.45425325053283,93.98068057957644,30.869265647756748,57637.79095846351,99.75458402522841
4,3.2439406397032613,0,59674,943,32.782804726745454,22.67251833189676,42.683746988315455,25.80465058780383,50512.873896357494,85.06787704126873
3,10.091110704414012,0,78927,754,69.7307519356583,48.212687066864795,84.19228433887079,32.41701399705511,70840.6590657845,87.62472647712221
6,7.13457560303998,1,45386,1500,80.3794151168857,79.01496433414066,110.14770832588545,35.0657049932772,30009.33968434022,64.87129102056954
7,1.6007133353481595,0,71617,1500,22.48903336128747,18.860255556389358,40.85384997592158,29.763110387905535,55662.90014825615,78.3419497973186
4,11.690298314580332,0,52192,970,71.15691646404164,47.40646845016988,73.90262850338824,30.665255714527852,42051.77374743016,79.47626221907193
9,6.638767685135199,0,55745,1500,50.316522587517646,32.9137085113406,55.10570705432891,33.26868596866017,38580.884295235905,68.29907489005248
4,4.199645396547408,0,75020,942,40.99992834390615,26.214527278790495,59.47437958979816,27.0410603299244,64867.49325255684,87.94582188019957
1,6.163475261881839,0,66159,200,49.35959566308662,43.005774175352414,75.75585533951573,28.11712973941132,64471.87244728449,98.79600403354121
7,10.436435618692379,1,48409,1500,91.09199568670134,89.67298092734492,122.20622218602972,33.13725458579773,31514.845072965232,64.24440007277902
1,4.353934368235699,0,70745,252,30.947300265314112,24.49127187588495,55.6439537710336,29.46342434143905,68375.39278771119,98.40677793752211
9,3.1194403613537034,0,74455,1500,36.11540122433084,23.779135904389012,51.31446879983475,26.910925290010493,58366.31649895241,77.32547622252717
5,2.419783716239696,0,74166,1277,27.981782650120692,18.55953172581202,51.976370740284416,31.851987383434025,60367.83954721102,83.93588321287592
7,4.276453382292324,0,73072,1500,37.46050766884492,27.67610466049708,59.00283756746699,28.242296218951928,57510.75130110611,79.51054371629668
5,9.580528957440478,1,57109,1289,93.86821795565251,94.5442735018252,118.47741340346619,32.64311344979782,43563.76812603438,76.71706375869842
3,6.187890017147879,0,47484,737,54.697647593607215,39.4438619520821,76.65614922335432,33.24264979040764,40997.062343555306,85.7614824381178
3,3.5022976406289397,1,79622,684,60.280064112365096,64.23134718452727,90.65211369275866,32.66704070498177,72485.49571676385,90.12404200713094
5,2.8280349957072413,0,47597,1141,34.72334565691692,14.1104176936533,61.269168941837506,31.47093601392053,37147.49450583747,74.55612614891862
3,4.66002424161417,0,48983,651,39.468156329671686,28.65802513995702,69.04446599568145,30.428373759420555,43332.82191694656,88.02380383689716
7,11.339168101742798,0,62040,1500,63.69327561238872,39.00984706164965,76.98246051308914,31.70210337056718,46785.863333025096,75.3966734757516
8,4.773293838490268,0,75554,1500,34.74220779238825,22.37156578570534,48.68966274996347,26.028074115456302,61268.166105185934,78.35273710367305
0,11.869364835500988,0,72916,0,71.31167125902522,50.10571356827708,100.31274956425864,32.72933944288238,71656.4165805484,99.50763141032455
3,6.337535013418918,0,71372,792,52.15321513942517,35.29884376188799,73.35366711864054,28.772181031219763,64692.333791663295,90.40049779433849
3,2.9708031011916596,0,74048,709,35.99050453992118,22.649513495144724,51.52587733737509,33.030853146817684,66661.54047275093,91.84683649506624
1,10.802541009728603,0,64669,229,70.7819743025347,47.039194386445175,70.07628772011292,33.19174582642546,62235.649551195376,95.21173207676829
5,6.063909104483096,0,54777,1193,42.705679124009,29.049782326173275,54.10430305055518,28.020496862991955,42364.01629813827,79.19369008089761
2,8.80638477854977,0,65968,417,54.47701831249766,37.11507914486197,64.64352594577272,29.756370897343427,60471.95876678805,90.99507898949655
6,11.82082741530067,1,56292,1500,100.0,90.08109027194686,123.86950012247635,34.588721789765394,41747.67721121187,74.08729023751306
4,1.551928853519714,0,58923,1015,16.336882223018282,11.217904284738166,40.35922817021726,32.5366513856996,47810.4268847166,81.46393995202281
3,2.0636401576632384,0,72703,790,24.79874936707811,22.474628385967016,52.28658960780827,29.975723772337737,64410.20122498291,88.53110214439486
4,8.925024156090318,0,63657,898,71.44747683205162,41.81483120668072,95.77618718488581,31.80635977355123,54035.61407232379,85.34211579126197
7,4.1000750362501925,0,48629,1500,32.90143924106269,24.010900229745566,59.197480360872134,30.029168781967662,33925.46124097032,66.87702451023075
2,3.0273153664510897,0,47114,553,23.77808568385988,16.928698419695838,32.32745730159597,24.512214709538622,41631.05873114496,88.153313276243
6,1.4329806780170244,0,79445,1500,13.337613263594228,8.799567891879176,40.64241254041953,28.104046383340265,62490.00695038717,78.5375671025938
5,1.2403138318482199,0,70574,1224,33.221591273394594,20.431872190452633,64.01548850144995,27.959450911465186,57562.77018056294,78.58398513613041
0,9.5193416343177,1,77349,18,94.33984366886622,85.43905662949226,132.79389913223068,31.928179882517988,75955.2818788875,99.16184888714434
6,2.47876770106505,0,67257,1490,23.048460462318022,9.599892091224337,28.92611472853703,31.287237428426025,52738.98566590232,77.04709135117903
6,6.144926775682659,0,62973,1500,44.77895078267122,32.172137116671514,61.42466621211092,29.85998729909255,47026.68615784719,76.09103207860045
0,7.664864966974314,0,70737,0,50.00954574607333,36.558918695934906,75.97297679217124,29.534665010173253,70252.33157041183,99.44375787731956
8,5.711869806257309,0,57047,1500,34.24156882982251,21.15282420881004,41.85460913380149,24.95401019067485,42447.26936757828,73.5461172260315
5,1.2981731756985642,0,67113,1145,25.431453045761753,25.564781300506883,34.24194260635729,27.29712347956118,55962.42083146329,84.89240430814412
1,9.618516528466998,0,45694,268,63.26164675430903,43.801375241022356,82.36932116726157,31.29119238948373,42118.33044156926,94.66755096683069
4,1.1156454699581884,0,60588,955,24.10314624338064,17.048493663540008,37.58140316094476,29.536615640001745,51608.038730418215,85.23640724345792
3,9.380788838152323,0,65067,780,61.93669662489084,48.69881429562421,68.45981658662969,28.5691169125089,56752.734755831196,89.28432301353696
6,10.82634943166935,0,51704,1500,69.7879733373395,57.42007521561053,100.41898515222933,31.966002528724854,37362.03997966078,71.99722116489849
7,5.761239131628895,0,46971,1500,32.63208374794825,18.34910096784707,50.06830199763635,27.156281091921386,31141.134418640755,67.74212326370069
0,6.89096720407578,0,56441,1,53.99407478041554,35.48720243079751,65.9745074073084,29.841860645144518,55664.97801185217,98.07385818874614
4,6.246817318794191,0,76476,1010,40.792537832154615,28.144067806536636,50.838083929021785,25.081058790006093,65553.22516800372,88.45621981216668
2,5.2812948048578265,1,59677,522,67.2460561397168,64.10074853922727,93.7945371401906,30.89516122196644,54731.10244927645,93.32818247586296
0,10.761669889073962,0,72818,47,66.16898792284974,49.70274163139683,88.67610116081248,33.35352051878774,72818.0,100.0
2,10.833268617369896,0,46868,539,58.87292522472205,37.79911631310077,76.8307746738112,28.69557266125399,41853.92035435155,85.50089234271478
5,4.69398001105688,0,63055,1227,35.557117515967654,29.95639491536389,44.161161397111485,30.531904703368287,50392.88746405633,80.59216471954483
6,7.7657672941616775,0,46728,1500,50.56791591212475,37.89213013571721,73.10163112902974,32.59485395357891,30290.124985437422,62.969816322484704
7,11.195983183604506,0,52632,1500,69.09074857335916,53.01969674608735,93.51989359183516,34.39563833502453,36620.51936201697,70.10830967171248
3,11.582643488354867,0,57043,834,64.40731985557244,41.69110816618729,76.74271343081844,31.130370793448606,47869.37329740773,85.83429884590682
2,6.598549444642523,0,51403,520,52.631291641019146,35.3079264850352,77.54962128272044,31.01516930752923,47337.85547460413,93.1251155400179
4,5.981072858127595,0,60732,1024,46.89564718161584,36.41889521826738,59.53149677456412,30.401738332347787,50221.21291403112,83.98123352018828
8,4.065637475213784,0,63526,1500,31.00798639927374,24.57196323749394,61.21545174655924,32.537769859790586,47766.304087887474,74.63220377968662
5,11.54759060509451,0,54340,1223,69.8302209640368,47.73371963101373,86.82351786937409,34.40443564927006,41781.07489647247,74.60134865063819
8,2.570957349201541,1,67394,1500,62.0455283898732,62.85374001549959,84.68483126554126,28.450315957281116,51737.74839772624,75.61190128295972
5,7.378125336524975,0,78021,1265,50.60325152702378,33.684884277637224,64.65680513238668,28.423934982451755,65975.53921835069,84.06665347119934
1,4.108052942705028,0,49102,242,29.33758556750646,19.850533799346408,55.522097307616804,27.33388853823068,48528.76377834917,98.81146941011107
4,4.069091193825763,0,64159,938,34.92749661870444,20.58788547498623,53.14837950803878,30.705416317215477,54290.25961070534,86.52199898040536
8,5.454654461138073,0,51212,1500,36.834057146732555,21.250970189666145,57.88645799493306,28.272346145665672,36046.48450776736,71.4826599537519
7,11.9867222939722,0,76824,1500,71.39424559924865,53.99769398192774,98.43274877231634,32.46783855605185,61546.333636235715,83.4430076442623
6,1.6046293752380427,0,56525,1426,22.770026381077265,15.117400746420797,37.01289967439022,31.37692907306343,41654.50106951632,72.19024250618133
0,7.363960000238846,1,73760,4,87.09585732572253,85.57241109152858,116.06210662983271,36.52673049498017,73322.60478501438,100.0
3,1.908293738388049,0,72457,737,34.65809241309066,26.644603896041108,52.32150971333904,31.938118661977015,65437.721943991615,91.62552558543037
6,2.699729129895709,0,55532,1485,35.311723756390066,25.96624867989991,62.306622417434696,28.550621714954865,40414.71821363738,72.60250714831001
6,5.835192359501885,0,58518,1500,43.81668060349744,27.830789460827738,57.14575974314785,24.02882246232211,43601.94829889072,73.06886964597837
5,6.615061444810855,0,51476,1238,59.362056230015156,36.71032026501859,74.35504798541336,30.157354435604983,39603.71647151751,76.01305537508858
7,3.846716492009764,0,64743,1500,37.024929181890265,24.0898155524146,72.62566209452172,27.930155280504128,51239.241895335465,78.14718595960608
5,4.481028439618578,1,46004,1331,62.506699501524224,69.88235928076116,102.72612953515973,29.32999150355429,32881.98754534871,74.04236789640584
9,1.9566372228152638,1,48271,1500,55.2559353756906,62.23498221445208,75.98922745107703,33.3364838500327,30868.461254331993,65.19062878838648
2,4.335417622286756,0,45209,496,33.39250487705439,21.173097465279152,57.83786051773636,27.843331415963483,40559.391441971406,91.01378766399024
3,11.632142833185984,0,70463,805,66.92118453429049,45.06258825105317,88.194159152954,30.44240793266573,62135.776530472685,88.31364369347423
2,11.391781198397299,0,50539,537,66.08778710469544,42.545093050924855,72.12012808560056,30.038082620215583,46757.88642754295,92.17523021398284
0,4.683661191506835,0,64977,61,37.682135066661964,20.189152096526584,51.82341120194362,32.43886185423317,64091.30963426206,99.14292081397318
9,7.279393299066378,0,53606,1500,55.167996448398924,39.023997567097354,65.03117216285032,29.879265251611702,37120.71765371168,69.40101672332736
4,11.005549302220388,0,79052,1101,75.36876279008145,59.65844359192259,75.90966527385595,32.97595239436766,68742.33112775936,86.8143260564284
0,1.0680220490498633,0,48148,0,14.116520661792412,16.83209526369022,35.718187832578565,27.226763211993248,48148.0,100.0
0,9.917519273713511,0,78536,0,63.07130295646211,46.58152790863789,77.08482469213865,28.005862212644033,78536.0,98.40117498825637
1,11.43206508067811,0,50607,269,74.59327880206583,49.80460539964957,80.8510508985074,29.0884119555608,48488.9868875458,96.21529660627469
3,2.004583077669128,1,64586,668,55.782208367103685,53.249625020717076,80.01744739724157,31.3938226590426,59616.35739396808,92.13918729795428
5,2.7759245463621314,0,74250,1134,32.35235456704513,26.834896939502435,35.86396156470819,28.084388048182703,63037.593999769146,83.82719210965185
7,11.56820933048491,0,63594,1500,70.66757812852026,51.25617189619259,88.35883233995277,33.15412644968698,49133.282851243544,78.22181905206375
2,6.912941580043809,0,52399,534,55.92928407574486,37.88558615977931,72.62354849422567,31.89613351093806,46751.59922323257,91.91508595423011
0,1.1561629791889607,0,70117,102,20.759604786899608,12.598554941580634,44.18495676869486,30.33512200838455,70117.0,100.0
2,3.8339519863988207,0,78126,546,37.958380610600145,28.97261273792347,44.43590084835216,27.01656805876138,72479.84315792035,92.34908934296807
2,5.949380416957456,0,78617,615,42.84303351175177,26.683637386837646,76.1630328473365,34.74748007922756,73885.82669706627,94.97859336759764
4,8.621998021272445,0,52498,1021,58.401944824054766,41.8382900444385,90.00672971998715,36.03805342503226,43043.53498633148,82.73686265491457
3,9.064764159504795,0,54628,681,52.3436915403816,31.761297091223746,61.101145324514405,28.847020282994052,47733.33556685655,87.5576394758015
3,11.949636642180018,0,45329,799,70.56440686069024,58.30913114823608,103.17112053586908,31.665851078235516,38633.536941121776,85.19319207241104
8,4.162623193221349,0,52032,1500,34.775797523442144,21.59486872397632,58.51948977799365,26.11193987812617,36022.40928577541,69.7468993004688
6,6.920421120553228,0,65622,1500,50.102413319101295,37.66528514846877,65.37868955940466,30.57207341906605,51716.708638732234,82.5788841584645
3,6.866559026455655,0,73584,837,62.738802888186136,39.125075436390475,72.35099540445681,31.692953709738433,65690.43948729982,89.65869757123639
2,5.462097853919612,0,49722,492,40.400989305467,27.627679877429365,53.804636841365785,28.14571732353484,44484.22682957841,87.56475263568527
5,2.860780832266622,0,62772,1282,22.420703001329485,19.23296632798432,65.67985598054483,30.819917611538752,50272.21440394417,78.51756481161932
2,11.752022195022269,0,65569,489,82.27253457238596,61.9945957231662,111.24177403630591,31.123714901315065,60684.28290390979,92.29347708361402
5,10.386489053332447,0,48235,1392,72.32663402180438,53.681796867674734,88.61469569585971,34.024523206085185,34244.986707078206,69.12581124253693
8,6.481663311236609,1,49576,1500,71.62575553915374,69.58505156011537,96.8365999033117,31.684972264174643,33762.38865608883,67.90350810034597
5,7.635699649524328,0,71707,1182,55.50480859701818,36.18956203349062,78.17725186040671,31.831699455936675,60073.94936413942,87.11478249098037
3,3.4998715891562853,0,78868,861,36.67539006242901,21.36206456962375,59.115420310130396,30.149547718930343,68516.37207454452,86.10759384620096
4,6.981657774309216,0,75285,956,50.72741443904466,41.52438445841576,63.54363147357619,26.162606867149407,66038.09086834844,86.08653644558373
5,8.644671464336234,0,69154,1250,59.852466923670384,42.31021180652377,79.44689513922604,33.02381654368362,57246.883837353394,82.47037150408609
2,6.666837312252476,0,65054,528,45.172905719966785,32.77399091233101,59.07039066139875,28.156744586780622,60991.316593917516,93.59898291958329
7,11.893136876434355,0,62165,1500,76.98463104328381,58.5507211453631,96.68373744918048,33.13970834913903,45676.199501903284,71.99250811554822
3,7.724758218724988,0,59439,779,51.16701969571896,38.163838921223416,69.39802621291628,27.73208132786665,50892.996827290364,83.7646813753527
7,5.080710838513859,0,67515,1500,27.176583464099156,18.513939412478877,53.70407556264907,28.337571669529105,52182.41853144067,79.32448770304156
9,9.49367230377422,0,71962,1500,63.44969137920165,47.392397758963206,79.61979833640703,32.096081600774475,54891.65924113394,77.02981985458413
9,2.8750876273980626,0,64464,1500,20.995691564252002,12.206798700929518,39.647354165502975,26.013182758584755,47012.19300415671,72.2037146485997
2,5.229673950768932,0,75413,564,46.2158405711333,26.14652248986666,45.7780309165493,26.613190186173327,69570.27549169726,90.51925729665894
9,4.816548454153445,0,78270,1500,33.42864155359106,29.04741805558514,57.17011739317347,29.82374561997485,61482.1439170377,77.77519041368832
6,5.74987804618555,0,65269,1460,31.484369186325914,19.882244511493024,42.60356995073476,28.073256686483962,49776.48030016436,74.42453266107064
8,9.59957808521599,0,76541,1500,54.15143462179839,36.68884438438946,58.69820272653279,30.394465448188246,59723.14362545569,77.15842658964944
3,6.325903353797482,0,53009,770,46.422133477544484,31.63115973377638,72.70177377410077,30.080527258698876,45251.9449705524,88.46689405342903
7,9.73415895292559,0,62007,1500,64.6033338258283,42.813512239209366,79.83460147537387,32.669765275087634,45348.09792600832,73.4921182027322
2,7.341377934538524,1,71462,432,74.64370559114063,76.65592935983284,86.49691507671295,30.785842357561428,65834.225696786,91.19777733876347
6,4.762763781233109,0,56542,1460,33.45187763245414,24.914139116885742,46.2592076414538,29.894865782824425,41919.20708131637,75.15747869843311
2,9.909766180518197,0,62434,392,64.50848646315909,43.9407929250215,80.71550235188782,29.643676619611576,59502.51453887038,93.90960014480711
6,3.6211863760840073,0,74765,1498,37.967070670273195,21.474273945051458,53.7953724933121,28.08164788902958,60367.43306790313,80.13446799095995
9,3.4682127777977505,0,68769,1500,26.290652985299317,19.618648351152537,41.5884704546692,29.78841944849999,53247.09491242038,74.64766416553307
9,6.549532164603193,1,67465,1500,79.64353713560544,65.94803728461169,73.837773565008,29.878260682218887,49520.951787891936,75.31353711274316
5,3.869341705582978,0,66868,1226,25.653255383019168,18.8882628823912,40.420787419059174,25.89120231958082,53433.11938800579,79.60576175040761
1,1.0999573844633797,0,65156,212,22.07923060583957,20.82818320350929,52.229896483039745,32.63862346538555,62968.52014667178,95.41455715299054
2,8.131272800286816,0,65300,472,59.4353244067138,41.86296072289587,87.8118307215757,31.954679788489738,61192.97762849831,94.68476849007986
5,6.622032036196378,0,58435,1246,50.73119323459442,40.33714447912021,65.74736047292797,31.202692992210196,46477.43509799736,77.9653989534286
3,5.900695959424773,0,49114,785,49.47546870056235,29.71611780144263,79.61001299841075,26.84464044611711,40258.667891535566,80.48943945177015
5,11.63665366080147,0,53095,1329,77.82198030665157,62.6295517958114,85.07187540391146,34.4693671913954,40871.565619981164,76.40960981571534
0,7.2831910235920505,0,48951,60,60.65061419771085,46.84457169256432,73.33240221587221,36.1590540237988,48405.92103047105,96.51067661208633
9,10.497747355683229,0,66468,1500,68.03182887371159,49.52614366031101,92.714138144111,34.90149595891602,50590.182185890015,75.13191428821075
0,2.5339525982567617,0,72073,40,36.91921991976902,23.449876124277257,59.748911654026195,32.54931833832766,71268.93795397614,98.58714190680841
2,7.261271094423704,0,79341,508,46.585860021685605,29.552013601201722,62.6505701856494,29.19450585264047,73042.00985014389,91.89905160410673
7,10.547775894039932,0,47768,1500,66.7121707515923,46.41488981253308,74.28174086057942,31.446185298170423,32944.676123781224,66.9811359099592
7,7.414163330078878,0,78979,1500,51.49580078519406,40.8581734669381,62.35218301580405,30.964328946304114,63854.71750864026,80.48375341215554
3,8.898155959397016,0,70351,782,54.27685750103427,32.73171692723728,63.12650335417342,28.654900190030904,61598.50052033095,88.4298139616125
5,5.092479245934281,0,60445,1190,28.659101893600806,20.103013365287353,38.62023692424373,27.84150009695493,47890.461826246756,80.35096975813657
7,2.0169446874077326,0,46160,1500,29.431215246096915,23.538731758922978,50.47372023184686,27.035911447662663,31208.86970089136,66.86391281909306
6,6.036903246397785,0,67361,1498,40.53484546247563,32.09178709280315,59.62866200974715,28.97928050052135,52541.82848648512,77.71710995786776
6,5.3392732992274325,1,52041,1456,69.69222145972243,71.7095010260525,88.37918874163636,33.75211824010515,37794.35373704811,72.25245841445732
3,10.537662006168421,0,63767,686,75.61123635469558,47.25749134481205,86.15642454655242,28.36098903268798,56359.51728863407,86.29597358464027
8,3.6839483258771946,0,55846,1500,36.280167006750034,29.92322844280883,35.534222574989535,29.748945021317468,40984.50153208127,72.57819019635188
9,11.634076502886188,0,64924,1500,81.87143978810607,57.578782476057036,100.62601894549277,29.895360301253096,48335.07963986849,75.64305115102601
5,11.539519317849457,0,58882,1245,73.30025175972865,46.967795607918255,93.19785369884089,32.56074083031408,44528.033829569984,76.84066094471923
2,3.7239480737858255,0,59738,573,36.39720400541768,25.381369974430825,47.23452648001005,29.065632392411533,54239.55115191074,91.41356470846533
4,4.8285715102505256,0,66019,1031,37.939499763751385,18.72298926137681,45.834186674016394,29.812367377739154,56254.95418173564,81.2184252429268
4,10.851113149612734,0,46095,971,65.01208425418106,47.821651069967814,84.98118599118258,31.437414413666684,36564.66136520126,78.15230276176905
4,11.632844429857183,0,59123,928,75.92318691996248,52.63539297782153,92.72173775424483,30.328350058150413,49357.69111635724,84.18445427699987
7,5.877830131196484,0,73132,1500,42.20964460682997,24.466288599797654,63.74387791265026,30.468529125615746,56069.02506275115,79.23683957395808
8,4.530967502049876,1,46079,1500,70.877447341468,68.45390671365737,90.53998440120053,36.588209930445146,29559.02175838884,63.3326296579084
8,6.787034145766962,0,74657,1500,46.082825638893716,29.42811707105169,57.07929522068418,29.53752530031878,58212.559089292045,78.11715290381925
5,8.565461270023082,0,77375,1252,56.95039008668782,37.29093778488463,71.05011507680443,28.921256077648483,64331.64719944431,82.97295052382496
5,4.008219669124777,0,69754,1314,34.56468581912101,15.151148409145367,39.78540869968241,27.24854580743687,57231.57092352607,80.0879373479782
8,9.101204920809801,0,76153,1500,65.89084972927729,39.434941130355426,77.31214796951295,31.485447777155823,59886.26156527935,79.16728867377472
3,1.5682309282610514,0,63344,730,20.719411435176575,13.584792039195277,30.825857614618467,26.928826039862344,57109.340084455274,87.87543635372754
5,1.5422394204085808,0,79241,1276,28.64614770000599,18.445301009958747,49.7509008655219,28.164909214047693,66352.55220424446,83.60726509156777
3,5.249164756600997,0,49979,762,36.721565081001984,29.601008203956297,49.35099550913614,31.602943875392214,43355.70735050688,86.88142347036465
0,4.888205112667927,0,46212,0,40.79031352168767,26.026087550499454,59.51037385754248,30.795393341579874,46212.0,100.0
6,4.471965369038675,0,54001,1461,33.92182370724943,21.637351316469523,62.82469978536872,29.788937255168154,39524.04951626392,71.24371815605735
9,6.40121738935801,0,58248,1500,52.5848160579886,34.88841157728545,72.42088883709064,30.571953949724776,41201.70808626738,69.67143476024167
5,4.528069405427283,0,78187,1265,33.54702954945881,22.694801781424786,52.882707066474616,29.576974228387,64486.492993232794,83.51036108977107
8,3.114837103149011,0,60608,1500,26.99052179663422,19.25922152573982,34.914803774989686,28.913812992260134,44549.33859663194,73.61334328486087
6,4.40416503997461,0,76368,1500,30.73931303239685,19.892208679352755,59.501968421659335,32.32478738670974,62717.47734820173,81.07162604726564
6,11.723947000912585,0,50283,1404,74.13493807699304,54.179342603733424,100.49645992421497,32.21589221986865,35684.042334873055,69.3597151664418
1,5.522247586943335,0,70854,231,45.56648145896342,41.09742091578876,66.63783719709816,28.342184644151374,68012.10367810604,97.19329669451656
8,5.891840545441694,0,55715,1500,46.87484864566245,29.510618472586774,59.80728237655385,28.672367214838037,39577.464136354334,71.08710786544889
9,7.34199488946254,0,61165,1500,50.98878464762742,37.259469294030374,62.71116419811059,28.26570871449467,46079.55035523425,73.64032998026816
8,11.816748452556492,0,79108,1500,70.78103660509588,49.664830608692405,101.6160528171303,30.077269317070677,63737.549572582066,80.28731923210472
5,3.6576140407933933,0,71797,1292,31.894670615427486,26.514407560586246,58.665722740879545,32.51445665128993,59932.410340966264,82.26564989001726
2,8.494103215856772,0,55584,551,56.26786846460784,40.19950753684868,67.7932125163085,32.1326292515698,48591.7286441983,87.87242185152905
0,8.875831628958966,0,59780,0,60.64221028190483,39.543742435831945,84.95135459083545,27.229074481129327,59120.29556064888,100.0
3,7.6805685847237255,0,66573,755,54.32210697598475,33.36525989378263,79.9890835337425,31.835020418619564,58401.05265817456,86.10357309614523
2,1.9743617360030847,0,78359,316,33.570404052937164,25.941241253424796,52.94315925914099,28.48198350189944,75739.870015789,96.89328628999208
0,8.445595034103341,0,45526,0,57.42615549592412,35.86310086606601,69.6324649012237,29.57878053268964,45526.0,100.0
2,1.7050418213979301,0,52855,566,25.3292139493157,22.465411709193393,38.485566601488884,23.105802382876732,48171.71269808751,87.92258297376537
3,7.557569145048866,0,79060,717,53.145124757270644,39.4143580809862,77.25368216863897,31.129807733355204,70323.5296005539,90.19849406680376
7,9.135392949439169,0,74482,1500,59.04329694736919,41.67714446373884,72.84794449167838,30.981696741755123,59870.270403330265,83.53062162608583
8,3.3206687968194544,1,61571,1500,63.373716489167,59.11258141137901,83.83312902729244,29.35285922885799,46098.461111709905,75.07746610920599
2,10.257842082970514,0,76740,478,64.18590744511047,47.63142778402828,82.23502628194497,34.82429441053643,71176.72492237265,94.7899185708364
5,1.333891860863047,0,64142,1222,21.37837304787848,21.431925432769766,36.99892745933286,29.54261245833337,51708.45981881666,78.73376104176455
9,10.281941500241366,0,70104,1500,72.20605019359536,48.84385590324258,99.97294447820369,30.86516301841337,52889.131057830265,74.36566721618085
4,6.063619557070416,0,53625,910,42.891300643889686,27.056281101413855,67.00621525782525,32.406597967566306,44267.7130283121,82.65737865731958
5,3.3934673392480894,0,60926,1319,33.90405637500579,23.364736293191147,52.63726072314637,28.279872880477644,48233.48439356908,77.88680485119286
3,2.471559594933648,0,76218,736,14.951052462236923,12.333505811293369,28.327411489895706,29.376409560621497,69953.37565452071,91.8377966458915
9,11.486378843406097,0,71380,1500,71.50517466374608,47.928745412623336,80.48941104568019,28.5533577949819,54128.46451730483,77.33647774477824
5,1.7993214633927237,0,65566,1181,21.536013668506037,18.672002151914256,35.52673970368291,28.182262621306272,53242.627001438195,79.88003176208429
6,3.1900276192951824,0,78205,1500,31.551440267987463,29.72888008467268,43.94972639626523,26.08343803603815,62322.65662297541,81.26267557722412
8,4.826045821763506,0,74717,1500,37.9490452271578,27.88531519308219,59.29357236275254,28.068740864348506,59330.25072105077,76.5216880584673
9,7.822583338572326,0,70135,1500,54.820505568233536,37.07440948569017,66.29000600153168,26.43987131941817,52374.53479380448,73.82359677702095
6,6.992811938037082,0,73164,1463,48.070728260045655,35.40952488142761,60.95079009125209,27.40715164104839,58601.61108992885,79.80083907748899
5,2.382078416535454,0,53953,1201,28.842065578256495,24.89864415678397,43.243066203758474,25.97885267459534,40864.36960835865,74.35024403006271
0,4.1870078211203605,0,48574,75,27.361829098167355,19.791826882925214,54.341639626984865,26.61662970703816,48010.64954792101,98.0080020565586
1,3.626269481946265,0,65169,257,33.68840889013347,25.522266347506235,46.90558250589113,29.129675912898545,63537.72938075539,99.59107829832796
0,3.348971399393755,0,66604,94,27.0594607478859,21.7606872784893,57.26837596798911,26.049090582382874,65442.98978870025,100.0
8,5.522587701279858,0,69134,1500,48.452271222769625,30.414806432522344,61.97721564004415,30.555797965488633,53310.69603263951,78.19217571984674
9,8.744345978508225,0,68202,1500,53.95565996314131,39.60544733983735,62.21547334453564,31.989019931101144,50987.467031469474,76.32130805387902
9,3.391982254389595,0,45684,1500,36.936014692048204,20.487415067730545,56.15945876912326,27.714646071418866,29094.055343652257,62.75488203629059
8,5.033467676732796,0,53007,1500,40.10967517769032,25.44304807199482,63.885538662272275,29.940948130392556,35760.68032546447,65.62981075896141
6,5.300091695252785,0,54255,1500,32.35664436048746,27.232300657486398,46.16587051868049,28.021981672919676,39821.172725437675,72.18491745523258
1,11.741021823789511,0,77262,196,69.32377237304193,52.01078160237241,88.10557834072148,31.225417777038196,74861.62875953579,95.90467922864778
5,11.501329925669758,0,63093,1198,76.74565474899538,52.64123828336713,94.91571469627782,27.482273052349623,50841.936761242665,79.66825930628976
3,9.801513410272834,0,50782,728,67.96261117561211,54.397001556711395,88.74113830150779,29.845673116905555,43513.36320258825,86.4787963536963
0,3.658248129011037,0,46234,88,26.79448678140311,13.515380425381807,39.16922809141895,31.056390484467947,43956.60460369277,95.55896460378955
0,1.7484104550083666,0,79188,0,31.556330903254757,21.269080860450593,56.621301887514676,30.177391597824425,78634.21402657953,99.03717642890778
4,4.485945514926872,0,76996,968,37.306906539584936,27.215251734959175,53.98283491601396,28.835876448423456,67360.19259300266,87.31419782783823
1,3.9347400437721394,0,74204,293,39.0979284898655,16.13556104002973,46.68109862505027,24.693019333123875,71232.06421589156,97.6372950391819
3,6.565183801610333,0,62152,790,41.76671226033591,28.606048284330747,45.242388247782245,29.805728012960373,56073.876388634635,88.28281580693215
0,9.555007010745724,0,70019,33,60.495289972863304,37.848710048091064,61.175465846870225,28.07073099312827,70019.0,100.0
3,10.441552327667438,0,64488,754,69.28728298962646,44.09414984127807,85.34667567862473,29.352797210090692,57067.67601981999,85.32653968812426
5,10.293504939515593,0,64689,1186,64.90170743259982,44.34227566534044,80.49576299522208,29.16521375881313,51883.00069461778,79.35490164752238
9,4.956431173453746,0,73506,1500,25.17820064491496,10.322106970236348,47.36753402502418,29.81069753814327,56610.05246758538,79.28007283707512
3,8.559577778067512,0,62715,817,56.843977205373285,36.55894490952313,81.42813351022446,31.372327331865648,55205.50791415305,88.4772660500712
0,4.44117617276642,0,58765,46,27.38239014170439,11.95854367517217,40.44787721408207,29.965024610572502,58458.296908014,98.7781228809184
6,1.66996097558701,0,66942,1419,17.996342169982427,13.092587706100913,44.93329832632074,30.84610634236475,53610.883345588714,81.45855214280354
1,8.717217921632365,0,65478,302,51.57175064443427,36.517614378308714,64.70708867247278,28.697631540684636,62616.96272217921,96.52319266508452
8,1.1081030782676664,0,67551,1500,26.20329267675436,16.948112987890514,42.99691329957933,28.35436260673968,51643.66731276368,77.28329575285179
2,5.501008462043374,0,73072,503,49.73681783493598,38.801553139895184,67.81498785490015,29.819166510048326,69347.36973072994,94.60075537740302
7,4.623171962322833,0,47892,1500,39.82367947036821,26.691925288881485,69.8726706965308,27.866217928229734,31514.748748213577,67.24370264978143
7,8.627152923707378,0,78966,1500,56.985421108675915,39.797472753124026,63.862100186197694,27.67312973783182,64853.08603473464,81.16200766746296
2,9.428700200364169,0,69395,458,62.28519489923882,39.975633417144714,77.832034897273,30.898218992687944,65346.70625043771,93.12952730262896
3,4.345040995684123,0,63756,889,42.38447915350108,20.456037457082466,50.09042560200276,28.893102746138883,57732.37616246823,93.3634869917006
1,9.927897158893389,0,67174,323,54.7223443279034,37.72428217895868,69.30342790624717,30.43450787810711,63528.854103463666,93.8237017082548
3,4.233084365554271,0,79651,781,30.789912375380585,20.44914562134936,45.964259665320235,28.570510413753755,73206.52301608819,88.86134035591847
8,5.909589959852173,0,45797,1500,49.56816181322068,41.5373479948853,71.08608255373053,29.054898018923325,29904.097500532633,66.89080929821267
1,8.997203797155473,0,53209,279,66.04737387626703,48.902945809319796,94.8552372528957,36.83129512432269,50328.53263951801,95.71280920997162
2,8.622122521472674,0,66346,406,61.05921910743017,41.088968897295906,92.39601884916507,32.85528811817165,62341.921789440894,93.61122817554984
3,11.8610531954342,0,73024,874,69.08040814791202,48.92293780249551,91.16228577202023,31.14192852468855,64632.17179688964,85.36652304300266
4,3.4767712663752506,0,74414,1067,37.33160123724344,29.76019272074902,49.44599336927409,29.760312342365083,63254.86723896798,84.92116060957888
0,8.285497048935406,0,50947,87,63.234648701071286,46.331274198709366,79.70941187547406,29.674304066483064,50145.6897062783,100.0
6,7.706500991033551,0,54617,1500,57.12375629268871,46.662252742205226,79.69019719149539,31.42868796935841,39862.685347738035,73.2896953642694
9,11.066082999390328,0,65704,1500,57.86036678104846,37.34467106985305,70.13316950487425,31.412045116346366,48863.87550753462,75.52374896347607
6,2.7199835580936256,0,73702,1459,29.22289183504801,24.35616111234861,47.495215847713,29.90149056741451,59462.353189842026,81.91964764153283
8,9.269779799456263,0,46892,1500,64.27509931874039,43.30108018178185,79.64631525059956,28.85707357039797,30655.3260681081,66.83126007773262
3,7.2509547789564515,0,74754,719,48.67668724317094,34.848147049287604,72.80778323938338,36.88280864209977,67868.67623880305,92.64174801747421
5,4.02132456766696,0,48424,1238,36.04000745882275,22.997297242083235,57.36410665956232,31.95273234296205,36290.17290578467,76.56271600468581
1,6.218784055618915,0,58418,282,43.52662447131371,29.90060443786469,56.18495153781851,33.55980608106779,56023.065892569204,95.779273520267
3,4.6715425677677755,0,74886,710,34.04974585940515,24.681070342699424,57.5130560520574,29.088812482966,66627.02892623344,87.2974635535948
1,7.37244743067307,0,79783,312,59.41519123963254,43.96364812485401,91.42582968088028,32.807650568947366,77664.66624697755,97.98945221625506
9,10.779006718961325,0,68057,1500,69.97037694606794,49.22469242775686,74.49098490681834,31.03219758658264,50864.16912414961,74.44742293113805
4,7.262354828534222,0,49833,909,45.78187591183763,22.1027144244054,55.021846002979785,28.307629125063855,40412.317283887845,82.1706730772162
6,7.948946601592424,0,54894,1459,47.86173285026804,33.19541796198938,61.20790703358425,31.411850400739564,39705.32766370236,71.03660076168458
0,6.706226318261804,0,45565,78,44.22622106459971,36.83995779450041,65.59504472434391,28.48030093674487,44998.07877600889,98.30487851632412
9,1.562820570900235,0,63402,1500,18.536235980712988,12.635878000621577,22.848679226167327,28.22439621190444,46813.10130119441,73.85210955785519
9,3.5614441256370366,0,55315,1500,33.539872018291874,29.471837773311165,65.74854030263175,29.263700614965348,39335.954485237744,69.70382416832756
6,6.412019023752911,0,57834,1500,49.487878729708676,34.16072813372825,67.1474254033546,31.169849582388526,42869.10642960876,74.18419221690552
9,4.412588121191753,0,47314,1500,39.48537485512852,21.351836715391514,56.752210448446654,32.463441051138204,30500.65185747147,65.64461108562257
5,2.999399575373136,0,48883,1400,26.246437941091724,16.640687174505167,45.52673739377719,28.37611186450742,33745.0734400906,71.89753671840194
5,6.545461261102822,1,55051,1172,82.33045987843168,75.39758717323423,102.96480949799702,34.79763232885422,43882.458772639715,78.60940884771381
7,4.5509077279263535,0,56695,1500,43.89376021531403,29.80749990138053,66.82924212441128,29.328531201968154,41609.02894175658,74.74974160542158
7,3.839184074907562,0,68123,1500,32.896103539441086,18.285998707999724,48.922501632413116,26.551132169128913,53363.099348097436,75.3664299975692
5,6.103839591844189,1,52902,1394,70.35884397361083,69.21590491391497,80.14593935812461,34.735133409262005,39101.68516265225,73.90212526947617
2,2.4661268389039046,0,62573,498,27.83204676722825,18.16939337439242,44.918615666018255,30.08890755537562,57874.54633777057,92.59721847910308
4,11.20520306382948,0,74374,1016,81.82639655946323,62.42992502113862,98.0902219777707,32.57837660665186,63723.286337655874,86.90080439031013
1,10.544723077111628,0,57288,229,62.43212754618037,38.861540794679556,82.46398042015541,32.989935749409916,54360.15736121179,94.10973650862958
4,8.783826443145887,0,51884,1021,56.28831570089528,40.38449573716529,95.57654200103744,30.613333404788374,41489.11871157695,80.33228725425444
8,2.168352103473018,0,55559,1500,26.128930818853267,19.934364063667054,48.66602275034547,29.77776090704979,40296.445537775304,74.19173083666679
9,9.534649799166623,0,63125,1500,65.3815691184128,48.867021938919414,100.62084082282263,33.48367726227657,46405.18074093817,71.82231516065931
0,9.887530609199208,0,48688,46,54.509753078393075,36.70247564760144,65.56727823234478,31.546470555468403,48276.731258954016,96.21751551918992
9,9.445410794857715,0,68869,1500,68.75649244578945,49.01274869042276,80.7832791340505,34.74612406980149,52562.95585750387,77.94237708514396
4,2.253624758311653,0,49023,932,32.729583534965364,24.323820976260883,49.82818931265547,31.882747175752257,39587.27415855231,79.25618415300806
5,8.082987527745413,0,62100,1255,53.29096943477343,30.710223402364008,70.7312304850068,27.880819986029714,50371.46978929866,81.79890431096823
6,10.177572753243384,0,52423,1500,79.42095523287824,54.2838662971929,89.66968510386832,28.183081642194164,36824.54539832981,73.1701490119836
8,7.350887413416345,0,57213,1500,57.892963981710686,40.39441453172952,62.03821418740915,30.4544770098872,41292.79426731614,73.4283692666839
5,8.11048112750898,0,78158,1270,61.42465530248593,43.33557159220997,78.70702048543518,31.63523773094722,65877.38221885386,82.83043954953024
4,6.041998273689368,0,73460,927,51.147757317351896,36.09278609132822,59.591095669862476,27.494969088245856,62730.1764793792,83.20028808052291
6,6.815780518724579,0,76017,1437,54.87248288716309,40.16082319024602,81.93053332605191,29.632902634736773,61733.839549097866,80.04286435590305
0,1.3781454418689774,0,78000,78,21.78117976793349,22.99724554553009,49.71829311649243,27.436756697856197,78000.0,100.0
4,8.02859324170613,0,71502,1041,54.53816623286639,35.79500206802653,64.54420274765488,32.83359355035971,60893.607353073174,84.78862763640251
1,1.8959193418027511,0,75990,270,19.761746370412947,15.357909549502027,43.1823391014256,27.50959440624491,72461.96667133154,97.4000271445305
3,5.785160537742457,1,64515,610,71.03894383756383,74.93247343029219,95.70433452079358,29.648586946952857,58508.62663803877,91.69064940873348
6,4.219206074341486,0,74991,1466,34.54154196027983,16.984524892350773,48.79965055371872,28.7751087508538,60406.58982136281,79.4558316184702
4,6.999707452328844,0,52634,1036,50.325837512593054,36.30061057787157,68.01243615591264,30.435537999023133,43563.957380210726,84.03681327525423
5,2.467579690755278,0,56498,1163,35.32937869129391,18.009047857938885,47.51710694786728,26.73714029822186,45044.134362639015,81.98658114602591
1,8.6080774217065,1,55916,228,77.52791300140177,83.01185006283137,114.66811185253634,35.35422653411845,52837.16232281364,93.84407714229158
2,9.745126906213175,0,74377,545,70.45030591145394,51.403417075209276,79.0185824589615,33.59596467850893,68226.00143733682,92.44934498574723
6,2.7968989471747214,0,78001,1409,23.925114843242678,18.295943021487314,47.79884938228831,28.113157765723084,64416.8552717236,81.27279590918377
1,2.147443960870704,0,46391,149,25.214620587134586,10.156738294712198,42.6433744499517,25.403649394773346,44984.529460286656,96.75560493706398
5,2.600670310660951,1,59184,1160,54.381362270996746,56.048986311872945,69.41671474522946,30.005846854726048,47357.42445156268,78.67926734659478
4,10.64840318088352,0,72114,1020,77.51340045174592,52.26019608192305,86.2827693771917,32.50596807265501,62091.91056357644,87.96137113551954
9,6.810081879319918,0,56882,1500,46.550620541770066,39.6512565949142,59.00496679337824,25.404578481835873,40735.5487103847,70.86146511526238
0,6.139870956082529,1,62273,52,78.3065944135587,77.73142103691416,102.91825372152758,34.19649420627818,62155.25594067534,100.0
9,2.173830010125897,0,62129,1500,28.735483442010658,13.503131619742566,44.38026753279835,27.800426105629032,44424.61828582149,72.45670639055906
3,8.14511607432658,0,45427,862,49.9255466210301,36.82589164412894,60.94118216182659,29.962729475912294,38004.35761213663,88.32390121467257
1,10.54799551084599,0,76416,175,67.25612579353775,41.06767092118748,88.640539783308,31.51199712824938,75542.88858638823,98.4588216006145
3,10.110044562557983,0,45731,769,71.57185412832516,43.58296505925044,93.19685555841929,30.948868862779808,39527.10272490823,85.26821726555825
0,7.886601798788814,0,45799,0,50.06683493972916,36.860472792584716,78.34569437557948,31.045672278115845,45799.0,99.89167024305436
1,1.82806588316841,1,73873,286,58.28515746324839,63.778686748219634,65.11607633301648,29.19144558314308,72223.03661389134,96.49071370243811
