Edad_Bateria,Horas_Uso_Diario,Usuario_Gamer,Capacidad_Diseño,Ciclos_Carga,Uso_CPU,Uso_GPU,Consumo_Energia,Temperatura_Promedio,Capacidad_Carga_Completa,Salud_Bateria
5,9.797617008903616,0,57884,1267,64.58776449588228,43.88711526191389,84.3662450487442,35.645636071950946,44961.93522004144,76.92338257709525
9,7.101557272672039,0,63824,13986,45.54218224425829,36.53414366312722,80.62904183476913,31.782432087852875,46619.66559041969,73.496152972842
9,10.085255394050176,0,79414,1500,64.6405157397065,52.238348785351306,87.85350412712125,32.1228793567835,63343.41998870712,-10.0
5,7.946046718413227,0,61142,1153,55.09572397812439,30.53564718602928,69.68601165007384,30.371133284938274,50407.43883308225,79.74210025092489
-3,9.62846020534077,0,50956,6886,60.14575632672773,36.74948906827348,64.73412282343938,27.53623242464243,34757.37798214062,67.88255162043846
7,7.584192925395359,0,58928,1500,56.55680070189468,37.835722036407226,360.0,120.0,43334.54796203826,70.9800713998168
8,5.555551750372328,1,54721,1500,146.63296769851226,137.80304709474245,83.96047572386627,34.940726750781906,37844.84485433309,120.0
60,11.537404459187512,0,56157,1500,83.14206508610339,60.329309778944136,116.21284653167744,34.605075356973046,40967.42695067504,74.85030645839515
1,6.952252073667292,0,51696,161,54.52971187147074,33.19179191414493,76.28010661803394,28.87221518305992,50087.39442965896,96.91653395756144
9,7.655984703945922,0,72862,1500,55.02362911499729,41.23222168226808,95.9486671364876,29.6252799677292,55898.82990276597,75.86493478117586
0,3.425364033562242,0,50190,0,46.35339154129717,138.0135272548595,65.32287736762558,29.63778271292781,50123.80081295077,100.0
9,7.882158683700041,0,49663,1500,52.86429928903388,40.48713723918514,79.32347668173824,29.857824489519384,33855.22048348872,68.78859788209674
1,7.287684144312382,0,49331,226,54.495300059383645,40.30257003098451,70.63109617126108,32.05563728161366,45737.10274373349,93.43914879970792
1,3.033222377417274,0,73549,264,31.27951420508241,18.22321268585836,708.0,31.543483734296487,69903.54140381196,93.221087467003
2,1.6554580708845807,0,61246,667,27.264628820462026,18.821422440235835,37.35721724180869,,55375.467680621165,90.78005955837284
9,7.647952516862482,1,70761,1500,90.72034441964551,88.40297614010888,433.0,33.393977721957,54304.58227661913,77.01991360711747
6,9.400614962853526,0,48262,14978,64.74782169732443,37.755325959474085,79.24233845343825,31.07432382543351,-33205.86664043904,70.22577978647719
1,6.75741508014209,0,52036,9258,53.99604487728645,39.00166664257537,71.5050001982689,,50314.38870930116,96.578086756218
0,3.494498878516102,1,67322,33,59.72055444084756,57.37679082105872,75.91293834624996,28.75315380285117,67322.0,100.0
5,8.331741743623384,0,64131,1241,55.627957975797926,38.874820146063314,65.62433091993722,31.45447699781081,53075.08324347506,82.88392021268622
8,1.8811629927056248,0,49677,6906,32.59725276484314,24.64912588281932,52.14267452597935,27.00977958094477,34392.94928028384,68.51602482011441
2,5.8601707528215,0,52972,458,163.99831891070914,154.28183818014944,60.202241802270606,32.04851698256341,48728.58041035125,90.48464310046695
5,2.797034342382622,0,60329,1217,121.84885347742338,21.05356183199076,51.51601551351893,28.394786992137657,48049.8314436253,78.87553985569187
2,3.029049561658717,1,65493,547,,65.3274213709009,77.99441340621412,32.90117127410178,60001.66934949112,90.41691437950712
0,3.22523344074024,1,63595,12,65.95914760937595,62.80941057956714,93.02702969481832,29.49562374401937,63496.40792125787,99.61093737713178
4,5.253777627483757,0,66923,974,37.361561032506486,24.173012470820638,45.297745958433296,30.27133890622635,57309.38388425144,88.1648997122263
9,1.562652261824374,0,54735,1500,17.43243203027134,14.55093680458467,28.56280300585322,30.010078979781973,37269.61521487594,65.90204826926708
3,5.3757278502200805,0,79457,747,177.2404763696903,30.524331797999352,41.83627742402515,25.783747275821067,72191.87526441779,-10.0
6,6.628781918261709,0,52727,1497,36.131446923665095,158.85513532810845,52.38580489395435,28.96385717260496,37556.33880530102,70.87595427012037
5,6.316237134629577,0,52764,1263,49.63656925500276,33.32354069575119,577.0,31.91587068138694,40445.64065218376,74.60947231157942
9,5.210625104433446,0,72599,1500,42.93784650587368,35.389670777785575,74.63618980374711,31.73863090452509,55636.859755107726,75.16294388199799
6,10.230612688778278,1,45818,1404,94.38904565071208,84.91856327138817,121.68524905380865,34.055713755870734,31058.459952503348,68.29533014772989
4,2.598593616625545,1,78892,1065,127.34802697833608,55.594266820364886,65.79844392523061,,68556.57145802093,86.82036351264095
3,6.562664181595114,0,50660,709,47.216716384643576,29.63219897221962,69.89713086276734,31.09829636085677,43869.816350640336,
6,1.6824555865220971,0,74521,1492,19.46664104487378,163.3013034736898,41.6384414521609,29.03618317134003,59101.85272640411,80.19557741753717
6,1.7827124676570072,0,79470,1500,24.8364254757765,26.41158763789336,44.85562382688187,-20.0,-65525.36574697516,84.46684892143591
-3,7.312524346448059,0,63385,1244,185.26566808202364,33.12502222302697,76.4108283830104,120.0,51982.879535479966,82.57987692648085
7,7.22620267376603,0,68296,1500,51.69327413527325,44.77979399611833,78.32941897369123,-5.0,51530.13902139476,77.2586531263146
3,10.658368641289028,0,68616,803,67.51320027977143,47.2158771256007,99.80825107295033,33.199997597246025,60070.37844010547,87.70634225527678
9,7.136610432260805,0,71382,11931,48.92040879884779,33.12503723927491,54.66965322736186,24.830163222190144,54974.96601957584,77.60081140876422
4,11.557701224453352,0,56139,1072,74.18096923945495,48.28557018109146,78.03192417634149,33.677576050811936,45859.6170776068,150.0
3,1.5356433323992276,0,77060,802,26.58371587665369,17.81654591266098,35.586666876463035,26.652647243434465,-70849.87197807558,92.36801527570374
0,2.078084532588152,1,67419,109,52.76657693710127,53.912041295362734,76.33579472441217,31.24034422381272,66659.71542404681,99.18229571896364
7,1.4847244772741952,0,72785,1500,,13.7351688951778,54.21355579272064,30.086813021686385,57191.87392454836,81.30793223720356
0,3.03804535366894,0,60702,82,,16.34296410421831,764.0,25.461046646824016,59135.57175312831,98.46662267716437
4,6.953971220358459,0,74217,1033,43.35053669175944,37.40984242283006,59.89760978200482,29.214203767520942,62684.68528361684,83.790275809822
5,8.101293995701708,0,57397,1170,60.38919235427758,46.52997841413021,82.83684008774864,34.26209539168782,45430.06220313344,82.66572407502923
5,1.5014367374353568,1,71940,1094,62.78944034045673,,96.93841264103492,34.933791803286255,62333.90815357977,86.08149872568897
4,11.405679788301592,0,73341,952,71.58792048819524,49.535480495000336,69.82615978590002,30.00537428910533,-63555.58501891552,86.64980422269848
2,10.263819143154192,0,55067,13952,,45.80186187950837,672.0,33.67138927573795,49312.81468977919,88.3046280762455
4,4.2627373037280245,0,58824,1026,35.248655710663385,21.56642328189488,46.6906746198657,30.43030387550868,48977.65551800203,84.33701708725923
7,1.849062832491148,0,58444,1500,27.34834293645225,14.608434055578314,42.89382507797949,30.02450889189061,41339.54780167451,73.26895778321379
1,2.86875780540963,0,78307,246,31.89768166029721,25.19803361513168,63.08373886564446,27.754648254285957,75902.43218988446,94.6925585673132
0,2.3963885513047,0,55974,1242,174.17019908591215,130.49676082146178,35.82121072313297,31.14799739832959,44197.50254737954,78.54471567103012
8,2.3561215722884152,0,74290,1500,22.45000261027127,17.01794467930545,29.724009744328228,26.450235460234705,57531.95264006056,79.1173119966469
7,6.704178575323073,0,61016,1500,179.9700601719219,,53.38846393507617,29.489750800317854,46611.09581525129,74.8026193731083
7,3.704321867427403,0,77112,1500,32.79650048773826,175.76554470159084,50.29292281036712,28.32087222006698,62139.746039524696,81.44532952950983
7,4.9395368818205885,0,73513,1500,33.86709487290534,19.093527193283947,360.0,29.23489046810407,59115.33698847364,78.46264587560678
6,11.884558667227546,0,47956,1445,,59.283088975684215,99.27178642374508,31.21321412597763,32294.94990376057,67.95477282919298
7,8.527456738178792,0,53077,1500,53.63871735960406,41.52821356203158,69.73711334854111,-5.0,37432.43992638702,120.0
5,11.438787337517017,0,79938,1191,72.37282229756971,56.49977316515408,101.60499476339784,33.49391393844348,68647.70125482259,120.0
1,2.568122105364272,0,63000,241,26.983014969676493,16.37219154699011,44.57404267382151,-20.0,-59373.71304557016,95.36069122072811
1,5.203534223158262,0,58806,367,35.62422711103852,20.425362609597485,37.48339631521354,30.206528663231133,56127.65735074368,92.18682478476256
7,7.102049836105897,0,57809,1500,51.43502319143165,34.33014180211308,74.55834875082279,33.27377393762448,42165.12248698587,120.0
40,1.8443386807761184,0,59855,0,26.18222782137769,15.530307786909532,394.0,31.435277133689468,59855.0,100.0
5,1.0460618799075363,0,74388,1227,17.891929240389544,14.249283972858429,39.0992473801685,31.821290515503467,-62245.97604911342,83.05770625343428
5,8.374777671766093,0,51458,1176,55.192927036883056,120.16009008055718,,30.13876771503032,40678.66113426958,
3,8.060014684815789,0,51853,828,58.30250863789201,33.79417579740145,65.63951298493426,29.935624678215504,42695.47200032992,120.0
9,5.51867690999573,0,77222,11854,32.71769322166171,21.516592065733697,48.4493060502071,28.478058596358967,60985.25623274321,79.79467940003597
2,6.386084836352359,0,63320,11372,42.70540493052319,32.799807708963925,66.04610688874187,30.161427033103607,56782.74777730371,87.79294433645411
2,5.569873006512986,0,73618,547,,26.631750896296303,68.72011968511563,27.62516815177876,68577.63063474085,92.31105802162313
0,1.2640554932937773,0,62352,0,18.686583831518305,16.477061864488448,43.01848346259845,28.971000253542528,62352.0,100.0
2,4.689087668392087,0,52297,407,35.740293023313185,26.479556052426965,69.2282808685132,31.530372518384628,47812.93474982235,90.69518036268208
3,2.947904809370188,0,72940,783,34.247986777831784,30.160773091439744,56.41694112482762,28.9985417293495,64548.96222009977,87.67561339642208
4,2.082666080115056,0,48203,1053,22.24670899038687,12.363677627522453,533.0,23.929822740241857,37518.707196002826,75.77026205929035
2,11.523924772782848,1,62273,596,100.0,144.30612762282723,113.04261314009604,34.086270193959216,56583.12213595192,-10.0
5,7.592956975463822,0,70368,1237,44.19222198787452,33.328722432372594,73.05498826393263,28.254985553886257,58199.34942264212,83.34528368832203
60,9.015219126602627,0,56650,979,49.0161264669028,35.430786678211,75.18188501621597,31.86917297480505,48363.85278123463,86.83163185809656
2,4.469001175927293,0,75984,485,41.73968668697875,30.0277727096632,46.900865820243766,28.99069253336108,71802.733186035,94.3277746652295
5,5.324618424434167,0,52382,1290,36.70333582531059,173.02975940852912,51.09644810204932,,39092.482543384,75.10328360067993
0,3.606163932863958,0,45801,1233,28.19545172295482,22.837418635371023,46.9504298824783,26.633961044133898,33900.50051965298,74.47799824147381
7,2.0666223806196724,0,64733,1500,30.256778272196748,18.64604156223744,41.46482487805388,30.84035352128778,49938.05526278469,75.00718170204577
1,2.969348011857422,0,54969,299,27.360397129054803,,333.0,28.14949949529791,-51552.22648939489,97.31434889341786
0,9.772654498261344,0,61733,0,68.41508157063124,46.0522846524381,77.88635794381156,29.402433992550662,61733.0,100.0
3,8.453003857021535,0,77449,833,54.21295957134538,39.3665980610791,,,68095.61277242789,88.0416657278981
40,7.0162176358402455,0,71143,1500,51.89374578907776,31.545100247094474,55.8170498832089,29.66083476284414,55589.08420995027,77.80078673404229
9,6.225988601534449,0,70705,1500,43.57283060778014,32.499694654430066,69.0260682532093,34.195919472815035,53065.61546329095,77.03807127336486
2,11.146777120217369,0,73363,469,66.1348242217354,135.23477548020168,86.40683409563579,30.806797811341504,68442.15437183915,0.0
2,1.8000844255653523,0,75720,378,32.65342891550035,23.321312873981032,47.53973249499509,26.308111723315555,71317.0836137009,95.55569984991432
4,4.086608945617076,0,54972,988,41.01535560988451,35.28633582772593,45.687833185151256,29.233720076700063,44750.43535664529,80.53883729808673
4,4.849316389277854,0,78351,970,35.61337853172587,25.75800625545763,51.85442137208577,-5.0,69243.38076375742,87.06269970264157
9,9.606683934340666,0,67412,1500,62.14143948763113,47.17402268148847,85.04032002996736,36.44916368724199,50984.46594097157,74.6639565204676
2,11.917660821781684,0,69078,447,81.96943810096482,125.5533267516617,92.1674479613629,39.21062019564734,65142.25847726042,92.21302366599768
8,3.647375662328684,0,67580,1500,28.29577623633581,,623.0,25.043107800830217,52881.0802158785,78.88488325257447
-3,10.617380675507889,0,59855,9160,63.416363193499,,76.19476026409579,30.825105549846217,53758.7327397074,92.01528927673212
60,10.136850364749703,0,64569,515,68.0345541852728,47.7559671191913,87.37926669545094,29.50191584892132,59337.15670592272,93.56533084883868
1,3.4712313740594327,0,70738,9239,43.70862967160326,26.08829931892884,43.26988053625025,27.966822868139047,68121.79625791022,98.27856837119646
9,5.392658382191448,0,51772,1500,186.47379926574803,30.12442355165328,742.0,35.65318785906269,35148.192791760695,66.46484344601059
8,5.50640156221771,0,69874,1500,47.78106400852205,34.98351564600573,710.0,27.85396772579356,54685.35953218377,150.0
3,11.760427353792142,0,64731,774,68.71493798751737,169.5455074570181,,31.63705127625284,57694.75208935316,90.58201157034216
2,2.9898109151678813,0,55131,447,31.75431628551957,24.187661105486026,60.596588581674354,28.686004426413223,50026.5688441502,92.56368989883585
6,9.790737682152605,0,45788,1438,,42.16151853694508,79.3770006243188,150.0,30873.303563796264,68.5394041510499
7,4.67611985590421,0,61184,9574,47.71372467265479,30.385225317415117,412.0,34.392746319532904,46792.83708583003,75.63480557488248
1,9.039573803537763,0,75897,304,68.19132323975448,38.36383226886148,92.52614176184898,29.32357659732324,72525.66390978162,93.99558454654594
6,5.620121047252291,0,47889,1438,54.49768892051827,38.42379255576499,60.23310134893198,29.653620631273174,33295.56372360134,69.87600434362729
4,7.361957394281941,0,54569,921,48.33234052592267,38.384085225382,75.40779817130752,31.20855026875093,45741.03272722618,82.48478947356709
4,10.15872950658744,0,66657,961,65.97113856996691,46.613370865569614,93.49326340824346,32.413361295198264,56836.53950280993,85.95813464722255
40,9.845821214822726,0,55141,491,,45.9344517221009,573.0,30.738481988208243,51440.17214323056,95.16445596847736
4,10.530655018936702,0,64656,975,64.37093691305408,45.6318849933355,79.0687924320984,34.55418922840328,55682.484804487874,86.40477419923864
-3,1.6557905787912492,0,66618,259,,15.203122625042894,26.65774812443969,,63338.66447864482,93.11865938306204
3,8.612556083437193,0,56934,805,62.60767059898011,44.60524096264829,86.11585845471006,32.76217216401612,48525.594710784215,84.46736742715728
5,2.539861143939392,0,68286,1277,24.94747808103944,,22.61123033155076,27.770897091503308,56040.04923296979,83.36369923422424
0,5.574004248202521,1,52612,32,69.35323894232748,64.9517416635429,101.83827670967489,33.72104166157699,52314.38087553284,100.0
9,7.034472565601574,0,77069,1500,46.324083947158535,32.125664384443304,,27.539586474585708,59016.55279618988,77.40709208257047
3,5.430134332215138,0,61205,653,35.43215973713225,24.414100053533904,64.59185548180984,32.57741058984661,53704.29370228492,150.0
5,6.715728433833083,0,72331,1202,52.848606504633,44.49470490174824,77.12670383384865,33.480096765103674,60402.276237736885,84.03174862867542
8,11.96178939678481,0,58934,1500,71.28060530529464,46.6736637416978,94.17693663495122,30.801977416384368,43646.43903336977,74.53614757938665
40,2.487390450841402,0,55095,300,23.38141560296301,15.729224106002096,482.0,25.43553386802846,52918.87762974968,97.33524928877948
6,8.430016498700681,0,70958,1447,59.79543166936711,177.71963459200936,65.62470067163372,27.46777078838317,57952.26956408332,-10.0
5,5.356010630241768,0,63706,1290,41.72697304679627,27.418149802435615,44.636281418709245,29.02171283746115,50332.831149883554,78.34032627238422
1,2.4631077879806167,0,76472,6324,24.6878871393776,19.333941953990923,53.209327358429015,29.350310267450705,73841.09265617172,95.45191700967672
7,2.7461043971174046,0,79629,1500,32.78366603891703,31.9004182985388,60.92392932513065,29.15169850984679,64108.73747947186,81.49165471925262
6,11.442004168701786,0,68004,1430,69.3827901839718,47.28464434209782,90.85930065002616,36.4313786520672,52223.22113422324,-10.0
4,10.675616463829382,0,65431,9081,57.49332745767719,42.30890718685219,77.98198903666314,30.316390392218263,-54348.53981855926,-10.0
4,10.97746156456524,0,79502,951,171.5094342044101,45.93797797265984,93.25207530685022,32.83516580384342,69737.59611918748,87.39288542607487
6,11.906860534101252,0,76385,1500,70.39332529205961,143.68725055024282,470.0,31.311651243485432,62018.374286820224,80.65758951171131
8,3.2914692900936977,0,49663,1500,27.86257555619216,25.72476744778331,52.54233412836238,33.12962280059107,-34432.21647884885,70.69946961546904
8,4.909832711004679,0,57818,1500,35.97647825013315,24.96361320130128,47.2129980345722,24.79770522151149,42103.81884963397,70.82305186192109
8,8.361409329173533,1,67686,1500,87.10505159074086,151.88350758830626,111.01261425024089,33.261189209410475,-51688.299496676766,75.63180520981871
5,6.32182793846712,0,68977,1266,45.23792740630415,29.17554463989615,86.0771647277258,33.1146841544062,56640.21235317117,-10.0
9,5.602284867161669,0,63454,1500,47.95177990009904,34.59647469749518,66.38067606426809,29.865677629485667,46319.737704635205,75.77297656663508
60,4.935923742691523,0,58358,1281,47.90518867600964,40.06473706035107,53.00251483293201,26.631535950273683,45543.85848895801,75.32056285600476
2,7.5315869513779745,0,51668,548,49.261937364728034,29.84302430623321,61.209954527121816,120.0,46297.41281509779,88.84424827757502
0,7.331527715040902,0,54921,0,46.96760145504577,41.62349103923519,,26.599923108709007,54860.931831205686,99.98485106028798
6,2.7760361747066407,0,79959,1460,124.31186323150311,,43.13900005403146,29.79158968550604,65142.17922413535,150.0
40,6.189138212702829,0,77328,752,48.140982520115664,31.75668039013893,57.648056804549554,28.78531870651057,69314.98464995975,92.66467411363764
0,7.088189538308349,1,53859,41,79.85914284772883,72.55773125429184,102.49970032333448,32.03703210927121,52710.51791260316,97.91198525538827
0,7.273156326045295,0,68970,1500,48.8637240791789,130.8010827030484,59.95689578151352,31.88886399296784,-53305.9277946526,77.0096890759173
5,3.31117912203587,0,53872,1296,25.070843126347032,14.15397868714662,43.69696816495766,26.48930905099308,41479.47972907838,120.0
5,9.164985314775157,0,64230,8513,49.78048235987361,31.14745899793973,618.0,26.74889315225681,50044.07603196845,78.46156131305771
1,1.277190043031766,0,71708,236,16.362362439151667,132.6347514302966,36.02579168616314,26.0610981560281,68922.17467723963,94.83351074127434
0,4.903150410974789,1,63847,0,75.83783136413334,75.66269646911822,118.92269872542887,-5.0,63847.0,100.0
1,9.582339133891969,0,72105,219,65.09165953478083,44.61232969058426,72.12586283365683,28.76269386175168,69698.61858580551,96.90572443897156
3,7.202822131609426,0,49922,854,50.05643404435946,33.04146215225359,72.34543321169022,31.518681395687576,41711.079801961874,85.51562134472275
1,3.872786757619463,0,49392,270,156.03065704312064,27.738035081947626,37.054100102489286,29.651034576028557,48202.983050936666,96.72923569951202
0,8.644484312773525,0,58541,0,51.78300578836053,30.269562007490133,64.34241297823641,28.26789316899551,58541.0,97.30610545254392
6,7.241300385716807,0,64551,1500,51.49025218636214,37.26866670631888,71.35972287258132,28.8318688327522,49824.81481992999,79.34267990080306
7,9.75867970402026,0,64381,1500,54.86162289840159,38.02805842479613,668.0,30.636069388365737,48152.8826607549,75.90421806828796
5,9.085277048088058,0,67948,1211,62.1564803712077,43.25738493972848,64.62343810853807,30.620519483484863,56010.25870899455,84.18338723457242
3,7.711187142398581,0,71728,824,54.853511592220045,40.47412511818181,620.0,,63624.16233224945,90.5465866950065
5,6.369954428418954,0,47024,11499,48.26631325803801,40.36051531580057,81.39696878461338,29.97329465393833,35031.93079546014,74.52690866322662
2,2.4650033823427577,0,61713,434,33.16310731151292,24.506074085878478,318.0,28.32383750190554,58262.85821174276,93.8589782227358
7,3.874663196739221,1,47486,1500,124.83492359524513,66.97780494522003,98.90946624388388,38.58955001083896,32010.249528038003,65.47757514487864
9,5.610094202087938,0,46155,1500,37.00590293380336,21.173554503358613,61.80536414605224,26.35917866681362,-29960.676761747207,65.74031667713228
1,7.5922921570702755,0,55082,239,58.875057424754765,31.649268494793223,90.92146506629696,28.27834091833257,51158.100519004736,93.29181584099804
60,6.650786407368353,0,63569,939,47.20667229524845,33.55620727532537,739.0,26.76862252272345,52268.47853620959,79.47944829642167
0,4.170029785554824,0,52086,37,149.84056799028485,13.161051132892544,34.587284301695824,29.970193759424006,52086.0,99.82225069974002
5,1.071107935686816,0,47317,1241,157.82346762412664,5.0,32.04918063139427,26.68736458582601,32893.08246860784,
1,6.458631440908953,1,49491,290,80.5288026552565,74.96668016628252,110.72411478312968,150.0,46932.869013884,94.82915010387154
3,4.141885874184673,0,60916,12229,30.640169886193604,144.86687610212877,31.021512195682224,25.551275635770395,53549.07586032931,91.2432326186362
5,9.080691307815886,0,60248,1210,160.914912504127,49.92463869647453,90.43303942681229,34.07147976328911,49053.082127694535,79.97705016562321
9,1.2634089179753183,0,47511,1500,16.700461794115782,15.935326110299137,742.0,25.39881669261826,30982.85978855529,65.73476857368743
7,7.4331059243637,0,69226,1500,49.7600698341404,127.91897988074443,64.75193582161056,150.0,55167.80293025409,78.21430440109312
7,11.35621661256672,1,70025,1500,,92.53047688730604,128.74375527241224,33.448215560401664,54361.88126093344,76.3487412893436
5,2.9185019382264947,0,52848,1237,21.04762863523343,8.861059994308789,44.17630103720934,23.189558486574192,41369.079121547125,0.0
3,6.188144398256549,1,59274,718,191.80070680866834,69.08415516474962,105.35128411608842,32.471624831236625,50831.41085639684,89.07119380969317
7,2.00564190998852,0,75958,1500,21.46891302741375,17.347581385568073,41.67324555765753,28.215501422991714,58616.36987753023,76.79123260915208
7,7.8825010348748785,1,61304,1500,83.76197750514247,78.81888271418093,112.27489182984785,32.43094764763081,-45781.430271785095,73.62539497268078
9,7.055848486558482,0,56294,1500,120.97438683332331,24.069711875040824,55.50455247501179,28.903814147587976,38673.52290379504,68.69512938378733
0,5.481020766341156,0,71425,103,157.6888283998203,131.2291315559358,73.59423378607653,30.40228649185789,70553.05880191678,0.0
3,6.735147236211153,0,48175,8597,,178.25863149534882,73.13944716715734,30.585104421444143,-39752.44353263054,150.0
3,10.862321243159112,0,72775,713,75.21891244374245,139.42613854007797,96.46596567086722,30.609180263035736,66055.11462396428,87.70731223049907
6,3.1592373254217376,0,54425,9756,23.337909236691683,170.01237789262643,47.61973945574847,26.586600018755068,38573.50082585883,69.44267841451551
6,1.2482096287588196,0,71013,1500,19.776891044634915,,51.050910813784405,29.17796586720146,56352.72317475944,
7,10.478313731690111,0,72928,1500,72.09874675919835,49.65301408555388,83.39923622094142,28.71976362206873,58119.15946960195,120.0
4,7.348287906266972,0,53210,849,56.87891861997424,40.04517405120306,87.15560774836385,31.544198557680616,44253.43599942385,82.03509054779795
6,10.797243010080267,0,47759,1500,195.08684766228043,53.652927145068645,112.42378365418062,37.264883939568776,33141.58486088918,67.06138698768432
7,7.566397457544898,0,61091,1500,53.34556216058554,41.15357776673872,68.40778405379274,-20.0,44808.14487603015,74.43202380814256
8,9.911771989556728,0,45002,1500,64.27899065807438,49.51771866474377,81.59193257588197,27.874221130730675,28695.87567242276,64.78572631541182
2,5.726406996906627,0,75160,453,35.84228900359143,24.67351108743703,737.0,29.392798130175763,69462.3436573916,93.85572718592128
2,9.248459244170956,0,65707,422,66.56667719199133,46.20921468840669,88.29972091691066,33.70095840581445,63202.01802483826,94.4436012719635
3,11.043456135788416,0,60248,713,67.91570947061184,49.83351102771088,70.77276810753497,29.071187319574072,-54027.035103128415,0.0
4,7.293352600944269,0,50773,935,51.6364678919,37.85172104240189,65.91175626837955,29.67503394555801,42621.095422048296,85.65043491337589
9,2.988636656186175,1,57786,1500,59.779036144710986,60.075092494092345,83.71583051713294,29.941888883198956,42257.55115241356,73.43534863712507
0,3.95677376533218,0,60037,13741,22.810607534500463,18.603480618705422,40.09934997776606,27.28358468505809,59226.47260749409,97.74103503344246
6,3.185090345871464,0,46885,1484,26.86817310917374,18.222223540623688,42.26271587165183,,30785.38293485932,65.4257373213706
8,3.715427303553062,0,61331,1500,35.84654336794788,24.592137402762607,49.88991809597601,29.862530484961063,44991.741512788656,71.50739235650461
7,4.3705699428614,0,67495,1500,36.60992070040109,27.36139967063532,61.865737587446326,33.265783728213286,52375.24549922379,0.0
4,7.106471654285073,0,58450,981,52.84147315060741,,73.9030200047929,31.02667250060356,-48369.79779532804,82.99296713241084
3,7.46790792410216,0,54491,721,56.25877432206773,39.75983205540742,87.26238818133466,-5.0,45435.1651153998,
6,5.691497219660472,0,54268,1500,39.34128319508996,28.729075462329163,64.20877451674595,35.195568565748005,39865.65996505485,73.23178275448552
4,7.76962857802919,0,72757,1041,51.27239148691692,168.08233499252754,61.5624161426621,31.09079051490178,61150.4320726212,83.76293212957628
-3,1.897324181725025,0,51791,1500,23.78068528083113,19.63904201768289,42.7276356211064,29.991151727816305,36453.12803734209,71.48494850463013
0,1.96567060763976,0,73314,0,28.695847810919584,21.155271374717028,45.58528974694102,28.519370879049784,73314.0,99.84793552138812
0,2.890124063934243,0,73583,0,28.28013012863641,9.361016152284732,43.690492060762345,-20.0,-73583.0,99.32932709685178
9,6.698852478443793,0,66550,1500,39.58877662207458,28.685546914337017,66.84203654703228,29.66371118599784,50911.32722845412,75.35742183536262
2,3.353941465681449,0,45093,588,30.77879297168191,23.136698795960974,51.52230564761981,30.929176269614885,39666.45595473694,85.31449197696237
1,4.11612843841835,1,54967,310,145.98391323042884,70.87661150137617,98.49443700258018,31.924748303509887,51179.87808975503,94.08506822461678
1,5.403441197902935,0,61218,267,48.80230310360616,30.33751232159612,64.5304730889592,31.14118668823078,59165.45338446976,98.84252915629438
6,9.930527364114178,0,53627,1476,66.05551644149476,,84.99326043521444,33.73826826773128,38768.41956863275,
9,1.1524834950414613,0,49947,1500,13.332434093210816,12.557383908382237,29.72691105847051,-20.0,-32258.33562493492,62.68005101239078
1,8.143167022602846,1,68178,227,83.68398138393891,73.68068059490541,95.39465089513038,34.69545746554865,64539.06982287098,93.72851650845486
3,8.357641841447538,1,73876,821,138.72225402454995,87.30312463924984,122.306291096725,32.737305731418466,66114.61540362267,89.92983902213226
1,9.785213583923,0,67908,199,68.25714171040136,45.465391654045625,86.6883180386674,35.08055780969912,67529.07603029998,98.64377513152
5,11.260282329663443,0,64971,1305,73.83676958443294,47.57704687569544,,34.222752426856175,51169.99704870968,77.97417312271999
7,1.221516338442188,0,77584,1500,19.84954400196998,15.293168691522933,20.133013009240614,27.22182760796193,61318.422911539055,-10.0
9,2.691620760645378,0,53959,1500,32.750680952104894,25.390181006490973,51.54270387567012,29.965169825917908,37777.23708547382,70.16221620302505
3,10.747884234615924,0,73261,775,122.43388317232684,48.10192908537532,84.22663039138364,120.0,64509.857883079545,88.60722036045972
4,6.0437041840571695,1,60835,955,76.14176628465653,137.99843448927194,91.25087511496798,31.3668262822279,53078.2389996151,86.80678005133343
3,7.210497028268098,0,64257,731,54.80142220087416,35.52983431159871,69.95299965296115,29.85922954792469,56216.46324822735,87.01747489578563
2,8.293299240954621,0,48346,542,59.34967523979094,129.62245411000032,82.8237532311105,34.20215483556827,42610.846134437656,85.25429433041954
4,8.46973264945201,0,75807,970,60.34413809838642,40.68223908767402,93.23652006472562,32.62102530047785,65403.36681270082,87.67968606101397
8,11.24914443648159,0,75418,1500,74.11529715050881,47.297876853294206,95.97737191182168,33.24162552320308,60165.808678386056,80.15501148430054
7,11.966443591528366,0,56340,1500,69.58874857117868,50.44231873942282,84.37863746313782,31.87057494890541,42569.79963947908,77.82534549525617
7,8.921732070240342,0,78012,1500,59.69644810085083,126.40283159962613,88.55224276121247,30.748329560113746,61949.40457263948,80.17676272533312
7,4.159433301256659,1,54597,1500,61.250939214073,63.566444050326304,95.82500648240185,28.37235865425851,39790.26194477621,72.76954712012724
7,10.67727642523778,1,70557,1500,96.93901184442387,87.85352903333906,118.21504707818114,35.99464399465979,54012.27449545127,73.82491901996565
6,1.5414300599483777,0,52737,1492,16.86295064972093,10.562335140757725,30.744569805808705,28.785120884759166,38568.41913555238,70.68286522358565
7,3.541889381619458,0,62276,1500,34.43428043985706,28.02539338605512,53.32524863271341,29.243108116820505,-48182.68856975751,78.94211667556354
7,10.871242892100865,0,52310,1500,59.53045572460125,34.349444052643534,64.48620326494748,27.97842084293501,37971.88512095917,73.43242998064018
7,3.818106658832905,0,64344,1500,37.17693925720685,21.19925332005749,50.419454925909726,32.67519415475298,48950.25938747297,78.27397238196336
-3,3.427161655839233,0,55391,1500,164.67075820561774,29.85571626373827,606.0,28.96964897782439,38064.74924559257,70.11697008030292
6,2.51937822454272,0,55892,1500,37.10768934310127,20.95554505695622,61.05044426370896,30.38053854430191,-40892.61698700144,72.60693553730937
0,10.45022933411608,1,56197,0,96.22814591047434,89.48384946721235,517.0,33.14954297810064,55948.288554259765,96.1073032744886
3,6.500640851101954,0,58050,644,46.4787207695332,35.48226497194092,76.73573189633362,28.43942127905296,51040.64684861845,150.0
3,8.423825233595704,0,58535,658,150.97044071769187,34.66724702171123,78.85353979391502,32.48754910445201,51936.23988177755,87.2026631808052
4,3.6297302248253263,0,50122,1003,32.41618755123442,15.754139781317438,52.892006572810345,150.0,40044.76284737033,-10.0
9,9.338444631123382,0,54852,1500,63.06638719211652,49.20532839686916,75.09040248177585,31.46530905460785,38918.27508658635,71.56959040596688
5,9.360060994583083,0,50387,1211,66.77230518335831,42.84883896733185,95.94988435986946,33.13987718198189,-38770.47577180635,75.99942597454044
3,4.438578273991301,0,76759,770,35.855317181752106,21.31619554816719,56.59820369930758,,69048.76114872981,88.7175138022783
1,5.517508963113111,0,79878,310,179.93737320727186,31.91118736910955,62.4325621778178,120.0,77243.80582768051,96.24146228308132
5,3.306593051732209,0,78725,1207,23.137295981087966,12.314179014044306,35.9665291937279,26.33645092738402,67626.10819952427,82.83242233343529
7,11.742171256551948,0,52146,1500,81.72825566453386,59.314849679885015,96.21076109706424,31.441739849089537,36220.719556546544,67.9096728199086
7,8.101628347642528,0,45560,1500,46.56731133098598,27.868967695462825,53.72817028730113,26.238784666659765,30072.71411355834,64.43462317889683
6,11.279982687870673,0,46312,1437,78.16084999784096,161.33734741027018,98.2276907965299,30.60793285077928,30993.315824133904,66.56908996472427
5,4.337240979920464,0,63205,1285,27.353892558081316,23.773150859420053,40.97153424239556,28.429532950676617,50808.89130536152,78.96671915010019
1,9.600800042965789,0,56595,249,72.90692080687788,174.70639691032196,89.31435194514691,36.12439479518363,54261.806241038175,94.54145630829372
6,9.424445082732165,0,67030,11692,62.92660648156027,41.04054947042447,650.0,32.98944810753421,52398.69567682476,77.5045591568509
4,8.608212170531957,0,66329,1044,53.316639689740526,40.641079521308185,77.67689532584518,-20.0,-55185.912637981455,86.39180685708627
60,11.622028727934804,1,47651,1358,100.0,90.28097555368645,131.5941263069385,37.78421383921132,34899.45254391819,150.0
9,5.329108697169471,0,55006,1500,,29.79020022116024,51.46457548555763,31.428092926909944,38587.6182967963,69.97107929088064
7,2.43789055948733,0,66966,1500,158.82759177075343,21.61744679994968,46.16934411391333,28.08358764364364,52289.59826313983,78.75741838530331
7,8.388797451684669,1,72846,12038,120.01926996142932,88.16356151669025,112.51517829358195,34.517005941342,56995.812854699725,79.62258746176315
2,9.022407805249268,0,66774,507,129.9691366166017,47.55049038910468,94.63342847634338,,62263.92844488004,93.67742115682567
6,7.325666308046961,0,49083,1492,41.49825755132476,29.719872877099547,68.30291582478335,32.69317832707855,34503.02515244584,68.74443167214427
0,3.274996824467359,0,78513,5,30.008523035471864,18.612414490068925,692.0,30.139906010724097,78513.0,99.79448566807405
0,6.549015358362909,1,53749,0,75.93627947926925,74.31700212736253,95.78503510845336,30.608781334468045,53655.95208180972,98.36304585933654
6,4.434087102260424,1,75783,13436,68.11301989412297,62.441263846516094,91.0098972981451,34.63089493037276,60339.09893286824,79.12727106073415
9,5.702131809833579,0,62325,1500,43.28844418986145,,63.10180314581102,33.7642980707348,45429.97083201734,-10.0
8,8.097404334291303,0,63680,13939,58.21627416062449,43.56786706582836,71.22528762507646,33.68487850972401,46793.3439807953,75.0608794757515
6,9.19736216959918,0,62323,1478,134.899595063982,37.8240114817607,61.7605055156599,27.76979634164888,47096.54253505153,74.37729772936855
9,3.5544715999147742,1,67684,7717,60.03284279864636,54.34989785943652,338.0,-5.0,49311.5260609265,71.54416569477183
4,5.458578967116487,1,79493,959,73.85211299574193,76.31409824549314,116.38419268434124,35.241186780134484,70916.01302367475,88.01439302044423
0,3.960777280907921,0,57213,1500,30.99317736735672,23.443594894179537,,32.010070117612074,43260.23827954947,74.69909340589957
1,3.1849477524805603,0,76831,250,36.40445667969254,,52.204619518503165,-20.0,74212.93175984875,96.11517946482954
8,9.61725941995422,0,72713,1500,59.3756128870973,,72.87078398033744,30.35970705411632,57063.4811162364,78.97167278007767
5,11.001779638806916,0,52187,1213,70.72554364071786,47.361003639280085,77.34203879892002,31.00698510406457,40114.2072870827,
8,5.072554042530344,0,77800,1500,39.8379853871056,26.50870672089343,51.78126658078466,-5.0,-60749.55254288365,78.25659608220137
1,9.264068168111436,0,77583,274,56.24693647272056,42.44972230248494,,31.08173777479756,75712.00762516008,97.77927675966994
2,10.86694818300852,0,59408,453,186.8183432676812,46.679132952214246,68.55508394730509,31.446316029250998,55724.36039106974,94.62993534429262
7,10.307366315832548,0,67369,9118,59.97717080474234,153.6671845072646,76.99053456809082,-20.0,51036.21307923616,75.44006578396622
0,3.010947273931485,1,48414,0,57.836680235784414,59.97530305982173,84.91329700625637,30.0163877891596,48414.0,100.0
0,11.519210696646974,0,64510,1500,72.7474242557114,50.52240793411773,422.0,,47799.790977713084,
6,5.143440844724087,0,57120,6870,33.58051327825365,21.035111629872134,56.4852054492764,120.0,43423.9376049956,76.50856962120696
60,4.7316472729122,0,79311,1500,41.775744569163614,28.56222342290094,59.83584856150043,24.37606061992985,64244.69955545173,120.0
0,1.6867446000555837,1,78039,45,54.735596342825225,59.68817322358228,79.05376895891814,32.282826984369564,77634.3656139889,99.89334231603306
8,6.347910195153713,0,50295,1500,188.61247905934619,30.960470000843745,,29.44811895253073,35751.703055562546,71.61244227318068
7,2.199149772050216,0,65460,1500,26.008094240951348,121.92108319916706,54.76329839952571,31.27323013179448,48931.6674873564,-10.0
3,3.733938030201686,0,59963,11192,27.916272244549543,27.265327399669083,58.71084286701069,30.899795825401142,52773.44034462923,89.80143044025104
9,4.486368839440095,0,56580,1500,37.431479937638095,25.94945859552769,606.0,31.365619244980262,40150.92066526295,74.89835652607907
4,9.897089558408524,0,67286,978,67.60093321028974,43.5989610677549,80.1121330305905,29.27424142592869,56979.10870849512,83.69627124657373
40,10.630375154354862,0,72328,339,62.20033182444299,39.3505850079387,71.88978754019809,28.72471161204724,70747.8570689756,97.11003125507686
8,4.327129492076167,1,64093,1500,61.08151737744112,57.69628187607801,89.12238653490769,30.839860817083647,48362.23895182844,74.78881329651563
0,10.445679333690313,0,66605,1289,65.99797473869602,52.70704856377623,89.38444106001016,33.88794377657685,-54330.41847569018,150.0
2,10.4295403110677,0,51722,512,65.29105388017686,49.73582727498918,89.13338659666297,35.668081174043124,47277.68318664851,89.75882257525718
6,9.41116045423361,0,51766,1500,61.97498309807422,38.223987898955095,83.074030827173,32.30570479394319,36509.31653486238,
8,2.613646254166997,0,60928,1500,26.60974154231525,19.481644256973635,50.72005595070269,27.879166598641117,45921.411399688295,75.24694325315751
2,8.59355131590802,0,66274,529,,46.036772250779855,86.87929155837118,30.980295043971505,61874.42755621884,96.24006531396776
1,11.395264710386256,0,79416,8801,78.08541364917807,54.49791710879476,103.7642492285881,32.42312247179939,77210.31968789588,96.78986870556292
6,8.507945266438728,0,65612,1483,60.231668275180425,40.19571178171455,86.0436145882172,33.963718195939904,51498.61344772662,79.11415229540444
6,4.647785340186173,0,79898,1500,38.51968497261296,35.92737807474248,42.98479641919345,27.52161177795976,65889.9487245078,81.11114131287553
3,6.506372491739144,0,74047,759,41.99830472396686,134.06693092848238,57.94674706101833,29.54836611166127,67111.07605578324,90.46780711982146
8,8.102975476861591,0,46506,7800,51.90494444543025,46.86378420512179,779.0,33.0647312783171,29837.824327469472,64.29081722569201
7,6.616274496013539,0,60222,1500,52.29004337530192,36.84302719813737,78.2391217498661,30.124174357085945,44648.116219052,70.98308538203204
0,2.319482359040668,1,57363,0,54.25498482591176,63.1402098993163,65.86468228441088,31.383295726812943,-57363.0,98.7625562472858
0,4.432704491172228,0,64613,0,32.32476181339258,17.8248805522455,60.06109958602424,31.605797872442515,64613.0,100.0
40,9.826356336089958,0,75628,1017,74.62194727434377,49.33302589984339,82.52208359958672,31.728650638699577,64895.86175615587,86.68330690451947
5,10.475598507050693,0,49136,1178,75.00028940488684,48.18037561254158,80.33945232935064,35.3353917879304,-36982.74925413483,73.22583770270302
2,2.5103003598712723,0,56161,516,26.92923470369209,18.446339576547963,48.23070517606983,150.0,51314.49329597905,90.82889129238488
8,11.476254276385973,0,68574,1500,66.96794887408615,48.10846877229535,699.0,32.026101178156615,51366.62833160266,71.35243631614986
9,4.617048796334703,0,71902,1500,41.70203821803825,33.45863473903726,75.98565476117551,29.471218663981567,55417.46415568622,77.0684503683276
5,8.28545112603792,0,47810,1230,198.0863748977174,30.938018553505707,78.7594238369,29.78763668287462,36027.31577970708,77.24563866175524
3,9.270076605523492,0,56663,653,65.79304684167771,46.68266854014275,78.73048475525339,31.72372116211556,50165.35042836869,90.4882504901163
6,9.931408581016717,0,51152,1477,62.21177585127045,47.127878567686544,89.23088447625196,29.958409660006577,-35650.01703245775,71.59638109173794
7,11.403246724485232,0,45012,1500,80.24321146190243,60.49899190798902,94.03312762871394,33.060534135795656,-28966.790209630835,65.14393602838632
8,4.4421150283170485,0,56162,14903,34.616866984606,168.02163921939578,47.57366806880075,32.18208453273119,41351.59618613289,75.36644433662782
5,10.4435710000671,0,67322,1229,79.04152242335348,53.616760906894974,99.946771971963,33.12071529532006,54239.88255727468,
5,2.448555937798277,0,52999,1352,28.2180686133898,19.384549870032263,58.26984482680324,29.62369204202368,40631.53427178032,75.88191271614697
7,8.75544996988952,0,52219,1500,65.6987780197198,123.36481015582025,79.25736438505712,33.04697528315831,36221.94777185382,71.07637940945551
4,9.161755024653845,0,50328,1083,58.10827332821989,45.88618257625357,74.88862509704157,32.040761126716646,40568.13928483138,81.0401827559436
2,8.454955653214526,0,48621,483,50.718027006031726,30.66223639439415,68.17157215354987,28.1571041972531,44189.88317703202,88.19355728071426
2,3.775462097486683,0,69256,506,167.04689966837583,12.497322631528055,32.504455399396605,26.689888082456505,63929.56562689235,94.13393122400282
5,10.603474617167237,0,56314,1327,74.40039227623635,46.75462935078371,100.54083315974368,36.83117529981655,41784.77581252623,72.95426002689179
1,2.857443097074345,0,45652,8258,29.62728503525193,22.450115864829726,41.77300808507294,28.99273102335877,43710.85416079183,94.74726150868204
5,1.5899827067291392,0,61182,1287,16.712036281037154,16.10389816577153,702.0,25.628223043834065,-48531.25050930823,80.79111598875325
5,8.892114896731034,1,60659,1303,96.05158973908443,81.552245799878,132.54498931170596,35.21990757731237,48066.13022311887,80.39604286735674
7,6.230232867560071,0,79413,1500,51.93113442160449,36.70660732270795,71.22869174542468,27.133120806528,64344.52119213777,79.58985289274361
0,10.340078219545436,0,55435,1454,73.61232029957985,55.64463716961854,107.53837819511402,29.888026186630636,39751.698350340565,71.47303314779207
60,5.217368551640848,0,73067,1500,34.38791261598995,27.209726043005087,52.48339042562078,31.16321370479289,57881.61744552923,77.85453713798398
8,2.851064473584841,0,67258,1500,35.48737887315298,27.93218064266771,75.41466820420449,31.024230117477547,-51852.03253968031,75.77130596617259
5,10.200864117168567,0,73287,1185,67.92453046422055,42.78766963338139,87.0737529391922,33.00365400286309,61891.5941502671,79.96185145707466
2,7.038005948040788,0,48688,461,57.32814492674182,43.207439092391816,69.98111888134567,32.914259333676,-42997.55470092603,86.79143956275085
9,3.081153716293904,0,52689,1500,168.58133360811905,152.29166230106418,44.94890119921431,29.27485981144109,-37112.43899763461,-10.0
2,8.924223984450904,0,46379,479,60.48619773649271,46.62098567376202,67.94454819236793,31.901767978944303,41889.95959121076,86.07102845946716
0,6.622250023384506,0,72624,53,131.90306270793224,39.88448962340247,61.80643101716616,120.0,-72624.0,150.0
4,7.647442804643518,0,70964,899,57.49671121413917,36.98569479665869,67.71462145121797,32.989965887758366,-61055.43995190796,86.9477795204021
40,6.0698817202724005,0,67891,722,155.46027531799697,36.64601343887704,60.84516115990988,33.41450757159653,61220.6737474884,88.05649299023065
8,10.11579882199807,0,57516,1500,63.138757106736406,47.47119421652513,60.99540183410847,30.27877352576486,40136.86876173597,69.5479828272002
8,10.125189872513548,0,58886,1500,64.76390249259535,43.30927546850407,87.2451471648567,32.294883703734506,42207.44250287638,69.19648442454877
4,8.803277040068249,0,65307,1081,50.34731723910792,35.75833003585933,74.29025712864285,31.58354059375139,55672.26742602617,85.86117032083456
60,2.159415151361085,0,69843,1500,22.996455411472454,10.75108048023479,41.64042850280713,28.12018362409391,-53909.875550381614,76.69859685585469
3,10.227392480944758,0,50912,776,,155.78312510419374,78.602816126662,30.48766433211358,43437.20647079688,83.9416975764332
6,8.381142785862007,0,66514,1429,59.72665301730198,41.58360225760718,89.80212980922728,34.28084257329966,52836.97110178074,75.47061893485177
5,8.667265826047295,0,66823,1274,,41.06341357692757,,29.895705667156022,54941.55413915772,80.87872808628465
3,4.9928112444425885,0,73797,800,46.37578332338841,141.00427873649718,58.432865325095634,28.76141967088612,66503.33214251806,91.11369197671588
9,10.672075117727074,0,51449,1500,83.2257520154868,56.629333635087896,100.11080708558264,34.80560507522785,-34775.05764337904,69.91640744645298
1,8.979087602583432,0,46725,229,55.38181574002394,149.67708090660193,72.32190054871133,32.73597122493165,43690.562767627445,93.17686591027324
0,2.2384951318211392,0,60870,16,25.163066648886343,13.308545984917703,21.730109915887205,31.405351865064823,60211.26966059101,98.76768500979205
3,5.48555837846779,0,54304,767,39.31981476458181,25.49418233741224,,31.926641064174763,47796.47017682252,87.00028623141586
3,10.75018398156156,0,52522,789,177.36383509656838,51.34193059993273,,,43689.60110635204,150.0
0,1.519163718671169,0,58663,0,23.96534859576496,9.75067460221955,36.22461706621555,29.84065782277002,58663.0,99.63901146785533
5,11.575582816062544,0,49784,1305,69.39124938737508,141.09886404683425,73.278598474879,-20.0,37237.88729998079,76.13949894469819
3,8.470788251515192,0,54472,836,,42.61453730767992,64.55291715945908,-5.0,47458.445706530365,87.49679162160541
0,7.945135754077143,0,73952,0,169.12725903805614,43.92913541335037,79.17422801123678,32.55322210589981,73952.0,100.0
0,3.9761518213679055,0,55055,2,37.23876893687729,155.07732053480123,59.50332098710752,28.676121625889397,54700.42101378654,97.8255709383838
0,3.736709676130948,0,74508,0,41.01601290558144,24.52397274278074,53.287518155561386,29.16511264655841,74182.01953009768,100.0
7,11.36264041437455,0,57676,1500,71.740807778549,55.84720640327191,94.0266297251074,34.426915190739535,42171.37550602485,75.3166193478647
9,4.28099699657535,1,70192,1500,63.59580680692847,64.02268708658039,86.5054815866965,31.883419967907248,-54598.13540266403,81.19527939363225
7,9.530558263908992,0,69722,1500,134.0923130002288,42.71597142411892,74.212765924938,32.16016437459456,54867.21588699944,77.04518070892652
1,5.324339780277871,0,52446,258,189.63203704846694,34.71426586493185,479.0,32.01332664512478,49013.43095928779,93.8510870491698
40,2.531794778631744,0,49725,1500,26.69483591403507,20.700308326240545,37.174295693513166,29.67423045379747,34947.930260243884,69.09244273499233
7,1.1178682746489486,1,65061,1500,53.01442499737888,60.05671360470642,96.98728451943693,36.22028336491891,50221.21074718055,77.246311148955
7,6.9868307071677584,0,67671,1500,,30.243129122507977,52.43250124392876,28.03203709526149,51981.25969152866,77.25301127956199
9,11.73356700403826,0,46409,1500,71.01591492491914,51.21044181176062,90.48538877466588,35.52386831494614,28181.020458574727,59.840265853743325
6,5.060498131901249,0,53205,1500,,26.54927806357096,52.96009662358694,,38047.82150644488,71.16881075977888
4,4.929115673923493,0,61365,8648,38.005962832639575,29.16735142544057,57.87905885808296,31.298420805596837,49952.88023978954,84.53903701124445
0,4.785007796343863,0,45256,29,30.112424077466613,24.758176527638984,62.3136898784869,31.378998629922883,43709.236044802696,-10.0
8,6.725982210353442,0,60704,1500,189.96042360304617,37.41559446516276,44.47784217676655,29.85093474446172,45556.13271922396,71.74247910907287
6,5.847313717667229,0,74902,1489,47.13397227132276,170.56723476683575,68.92646994117861,29.23937555935196,-62006.824500822906,81.9797103983287
1,10.67906089399716,0,46195,289,60.8694561008078,40.34813556103547,74.5087214619808,32.5552690352793,44474.4283629977,120.0
5,6.560728708958393,1,79012,1218,76.85441882396015,77.30653779089991,109.43772655393704,30.87735528757936,-64679.52559774186,80.48073198396442
1,6.5853362200742565,0,56415,186,48.254049439207776,29.355013203842944,64.06739447199222,34.315923670634575,54288.5898475612,97.29479310162615
0,2.5220875419261226,1,66686,107,56.417466687974446,149.68543437514825,82.55179132784856,32.367782406117065,65358.249274488575,-10.0
6,11.810134950014245,0,56662,1500,165.23650928592866,52.50311734622477,713.0,33.686296670535754,-40485.26213569348,0.0
1,3.7497017995571262,0,73743,14462,,11.893301588725706,41.78682263040768,29.70658052702696,71310.88699447135,
1,1.8070047420556292,0,77161,185,,19.45871726056368,358.0,30.720749979034327,75033.16500400593,96.1951056601584
4,8.294608738727296,0,47402,1030,56.48067433633463,40.734976323145474,79.00070953091506,30.2385576325968,36230.72832833712,78.71006704205512
4,7.549030071725599,0,58275,1106,50.61634576961335,30.88770235248024,74.2344040329845,,45781.92380496838,79.94305809031947
6,5.566602193920203,0,73182,1483,,34.31312581139335,62.635402697622354,31.56956524456541,57830.86709639604,80.03875986983948
0,5.644114572687458,0,59915,6148,36.66687256219603,26.426604798561453,431.0,30.323468309136462,59915.0,98.45191402991892
7,9.635703131510745,0,45909,12576,155.60149469802843,46.76667303648544,384.0,33.282017270448684,30314.266570434014,63.46731745679338
2,3.1528390410961395,0,45372,437,32.862667162088975,27.76160222850965,38.3686552583262,27.833960020973542,41726.22586816657,93.81042074143596
3,10.022786508393787,0,67620,656,,49.7919841587935,79.3555241409935,32.17491376149062,61142.38722650657,93.2989418478371
8,8.1362182528452,0,79112,1500,55.631613785592776,41.50206105276831,71.29339515984141,29.857764816105878,62836.29703238978,150.0
3,5.608667511574768,0,53515,14469,33.593493563312094,19.41855937734701,57.42528865360999,28.232377737544887,45601.21792875026,88.57426031643118
9,6.038314782422555,1,47431,1500,82.12833572217141,77.42046966478512,733.0,33.34910550668941,-29514.258753648992,62.06665433382645
4,3.8231192790470536,0,66054,1079,38.30895163966123,31.55400510658646,629.0,28.9316734021309,-54548.979311872106,82.83466287866908
6,9.273257659666722,0,77624,1500,,38.73288890647829,76.25383100137515,34.02871174247497,63710.65664886904,80.09914842156128
3,6.641622165357945,0,55585,787,52.00215925186784,42.61855955396177,70.08536061628817,27.87676875349543,48480.73837673997,84.55696497759303
0,4.52939997024828,0,76958,23,38.5911983488595,29.69061246980765,66.56032731569412,150.0,76958.0,96.60429568043055
8,7.556551273370452,1,46695,1500,79.86774621957,82.74566460526796,111.18273381099264,35.15931147036362,30299.74456716191,66.35520522931634
3,11.953078972564551,0,79675,696,80.72436344977051,52.23772552290019,108.44502326944271,37.64667087722418,73599.81583086621,90.92760316612498
8,5.787885076222092,0,78787,6481,41.785229086906114,28.63103020633545,57.16429793666787,28.358275382776338,61978.106896293,79.35657132476416
5,11.127605408564817,0,46403,11392,77.41866004080518,53.95253793653141,103.2306268556262,31.02661473395761,33135.25634143731,73.10724895026509
0,4.795185239170227,0,62810,0,41.64732802060177,31.57782284016205,61.50062018200359,31.366046930637136,62735.21800934064,99.73724003372205
0,1.6020597761748447,1,53855,560,57.793092512996,57.500774431567145,77.84829351644251,31.557579502260666,-46628.48881799315,0.0
1,3.246663170052717,0,55839,245,34.12874271563083,17.459691740795662,70.01968762364848,-20.0,52547.418590702335,92.86710749454971
-3,5.605646576604526,0,45010,1500,,33.497111603188074,74.64135848959296,31.8465644667637,28821.01704511816,63.40605601776077
0,3.4159842145402592,0,54230,0,33.156073230933465,21.743358269973157,52.639909418985965,30.934881167638878,-53861.01280377527,-10.0
8,1.002497420400811,0,74256,1500,16.37839236672771,9.582086489508724,40.74604946327416,29.733763896339465,57465.395999058586,78.64147851767055
8,11.0650169152228,0,70651,1500,,46.67516357004156,77.06406011129965,31.768578137345223,56279.31754656257,81.32854387776378
60,10.28267352354022,0,77383,1500,70.99532183790694,50.19228031793783,466.0,33.97911823740874,62973.60819220271,80.69974118139443
7,9.16521454635642,0,58662,6179,64.42237128971017,40.788229786980544,87.96025996193674,32.4316112674835,44533.68126682736,73.82600170089589
0,2.845960552106315,0,58739,0,31.736070084833067,21.43846607124437,49.79925411652298,29.070182099263132,58659.76456549891,100.0
7,2.3239993383098465,0,46789,1500,16.141230126069246,7.984009161897184,32.430202214980426,-5.0,30898.131209327123,64.71604574835364
9,1.7436522441962148,0,64420,1500,22.652140626444783,13.419788782565591,37.997677207464406,25.51875493070929,49201.33076613535,75.77166129310095
2,8.964321076502134,0,68761,548,58.23015927576165,42.17635223212498,77.2428111652724,32.41093547251202,63445.16508956451,90.65922851218636
6,11.216887567566738,1,62357,1500,95.56814999752562,89.50334444667911,120.05856692944458,120.0,46508.60824858564,-10.0
0,5.735894030043407,0,56317,0,48.19825825590337,32.51436107257859,688.0,26.25354996011276,55524.17531669864,97.4372676135381
0,2.31054739195653,0,66534,0,173.8170889200349,15.36965701998658,587.0,29.75977269921609,66274.45783315772,100.0
9,6.636321028053172,0,70734,1500,,32.76449435209224,66.91663460919928,29.436785754148364,54216.38359330032,75.80862511753485
4,4.837150982044932,0,77872,892,45.83194615724081,26.00276789006728,753.0,27.783253876858687,-68801.1688225619,89.15838085653728
4,5.123074167849975,0,52689,972,39.56616214790554,22.351012757470645,40.817633458084536,150.0,42766.132250424125,79.78007058898555
7,7.83463686571278,0,48567,1500,53.801489608675496,33.359415557617474,,32.76583439146646,34938.683322125136,73.77853678351816
6,8.905899245884225,0,65732,1500,64.36729240788782,39.80553174905635,76.31983303512294,29.992195705061285,49649.5032015967,74.78337679406675
7,2.216639587604769,0,65774,1500,22.264924670902182,23.67006294121651,53.01420482146661,29.887073155861057,50812.16900832691,77.38776902549807
5,1.3914925388712402,0,68195,1363,25.261345078218486,153.3504292610099,31.140498476895168,150.0,54409.037818216464,78.00264656235443
5,11.937633329542864,0,67257,1291,70.09909490933217,52.819082050120166,409.0,35.47395107674803,54397.9716088202,80.61966259113251
1,3.56001183807107,1,49394,186,56.71284966225852,59.59847936715186,86.80256819061428,-20.0,48158.39634259442,95.77229297643852
5,1.59213577399305,0,67228,1311,177.42084358529848,18.006844619921857,41.16481247893994,26.925077436112836,52813.800972866455,
4,3.08862862005512,0,57388,1035,30.30970819380292,17.593876884820183,51.3354026474538,30.877020851553024,46351.30380524373,79.32598636117183
2,1.4285363098331063,0,56319,497,13.53765999331063,10.778172894896176,31.152084017455262,31.59256550549645,51236.07249169375,90.74172721720292
60,5.309919840788888,0,51475,1206,48.62615396604255,30.382633555946992,,,40508.0014198796,79.39339618931272
7,9.826419628964569,0,76555,1500,148.31245337694537,47.13202379514701,91.73018558089016,30.93032531945025,62231.78376729167,79.23178533903535
8,4.753688947334927,0,63158,1500,41.3218443334699,32.94734494484586,51.5264047384569,33.71243372318359,48179.84115039876,76.21932852213126
0,5.886017475662032,0,59728,9240,52.45600363497592,36.179754797019456,79.0417756900243,31.07798596768272,57973.28975326976,97.67462912013951
2,8.431454509241828,0,74545,12802,58.395294427605954,40.59924967790705,61.70362174613054,29.46308493212438,69353.18466457824,93.64143478095173
2,6.597834770768682,0,76100,14221,54.355634183178864,39.77983952593254,77.3779928635665,26.90147912827404,70709.09189571808,0.0
7,10.475902546234568,0,61150,1500,63.06424249944793,,,32.29494471855472,45605.81180382266,73.46346923559568
0,10.52639242550332,0,78214,69,74.73688889666684,175.54443794648515,88.8557930088789,29.396571764952057,76179.57877401958,
4,1.10901765040269,0,77876,1051,16.415765772097835,,42.7431102474471,27.299262585499417,-68346.31722938667,90.38458698727872
2,9.558509371315193,0,48239,472,,41.84042387018808,,26.81024235879646,41867.48994004706,84.73190227975327
1,6.068069602658412,0,75615,225,38.06702095835434,24.73801673102826,,32.26167859182486,74141.02075444316,94.60435900946726
7,11.877245954340294,0,58746,1500,75.72835254628117,56.25632593384272,75.49717964421369,28.106552866452404,43942.67104105761,75.60448615021203
2,6.315552834629787,0,65921,516,49.732401744863566,34.18753822585476,68.23046347254483,26.576935792572343,59917.49199890222,92.45771014543168
6,11.855855399271272,1,67745,1500,100.0,90.4549757691461,128.39061559532075,33.45481485659034,-53754.56366273096,76.18335119060346
0,9.300262973263102,0,46245,0,54.34338356773858,40.161633392821365,83.44430244563871,34.170217128456365,45978.43147630806,98.9438720514286
5,3.7346537307463694,0,69853,1242,35.548149886047,28.785932808534326,63.12390066613388,29.159925854222287,56942.840807223765,79.99119851255318
2,6.922344772156534,0,72632,500,51.67163570082621,37.213537558211485,68.31986178042142,29.843071312522568,67294.8419921885,93.11629449102278
-3,11.91349203426441,0,57856,1500,170.74021227612297,52.00013131994562,94.72937527508294,,42087.45397440548,72.69441316143298
5,10.43283668527116,1,50105,1294,93.3005394935133,92.49841902091713,110.66060180731618,33.54953182135389,37058.06082792687,75.92422316716626
60,2.071035831703432,0,47513,295,12.828660504296158,15.10142959918096,48.400510606489526,31.347958490935497,44476.22134242196,0.0
5,8.770091964909957,1,47801,1194,92.3828543445667,80.59598461218668,121.25698009940992,120.0,35036.74726987775,73.8761512088271
6,4.801375444578944,0,77345,1469,,23.147324026168533,39.65309328842618,27.72575097327735,62066.44315382267,81.17864393569461
4,1.0768048806838293,0,58895,958,21.78522993196759,152.8149775669333,41.0918378566763,32.8157335961959,48773.718018685584,82.89021472185011
2,5.438290659296996,0,53221,583,41.71841811253584,32.59709624563433,480.0,30.2229966021009,-48895.18425303469,88.86163479525128
60,3.5822986389746845,0,51038,885,34.084004430007816,31.19937586789947,49.858539425051546,29.449824437537085,42001.07798887326,82.91704775430232
3,10.007561975725189,0,77031,722,,46.08129137601568,665.0,31.383117647502385,69246.70841392601,88.79861557137366
5,4.71063669730342,0,60082,1239,29.26807493880514,21.16472588882589,41.14736632117828,23.43532034312007,48883.06304428448,78.74566419725083
9,10.102760633491988,1,59648,9380,100.0,86.98957655893632,112.2580076978155,150.0,42890.392914516975,72.09644920096012
-3,1.0065773271827485,0,45364,0,19.122174157561638,20.18629296982497,36.659675118457045,31.253839084292284,44651.81461827275,99.5808673616822
3,4.386010650287311,0,79568,801,45.06542459381655,34.845110583177515,65.83453212099296,32.77819320356107,70774.43418753531,88.02526438663908
9,3.6528173573853815,0,59110,1500,30.966809710000994,148.89236686179447,55.1958519637031,28.299504948468517,41473.87165185538,71.41464616390552
3,3.569240971754721,0,50958,645,29.43821579583654,12.197386613276167,44.32017039111215,28.199199183646847,44730.94797956116,89.04585235544603
9,1.7500528174200896,0,54096,14027,151.79903939381023,20.256345164748367,51.438043762779365,29.813417956731783,36152.51938312883,66.80411903636633
0,3.058366974515519,0,52436,0,32.791770077236805,20.66429982920805,55.19683658257852,30.043617616536984,52436.0,100.0
8,7.111045268741819,1,66177,1500,144.96010448867602,78.79935318661941,98.62657037784317,34.2520651441185,50103.93492874949,77.17654673774192
3,4.204971801215189,0,71754,696,38.88742544420356,178.90107035622293,62.65925914202938,30.418863441155047,64336.34049377644,90.4499446219961
6,5.591342605620628,0,69544,1467,41.02108350280538,21.37757432106756,60.65138448318817,29.129455051927525,54625.31556905204,75.117370985923
2,5.145535683819074,0,57638,512,,25.404390729177504,71.17788744957497,30.96812221324154,52912.445323956905,88.02079816006687
9,10.63495417499884,0,45179,1500,79.35753562021773,54.1336961850081,97.9666043553199,150.0,28303.12877299951,64.24574102539205
2,10.95828898911567,1,48873,517,100.0,87.29684004299469,,39.934239139414125,43583.58263048661,85.67747381007179
0,6.422526688214461,0,62570,1500,49.30011457570218,34.97475334253306,62.63479904596603,-5.0,47912.46385087369,-10.0
7,4.6317154534716485,0,62157,1500,30.795727331413357,,35.23824677906964,28.271468866973716,46934.52451152256,78.34462708775041
0,2.174807744026,0,49460,0,32.645476336855,30.009273185826817,58.67574254547281,28.967496947080903,48460.030512483296,96.87770603785025
9,11.487431673203044,0,45352,1500,77.76948379263156,,108.05717688297725,34.25967737136831,28285.80133246249,62.16177201629905
1,1.662496393903272,0,66586,266,19.740236423057368,19.78256975901966,22.60624681454796,28.759805022740046,62532.8666799734,93.93163732759147
7,4.274153053251085,0,50344,1500,41.60439493811411,158.58077881108596,72.14038436031441,30.354983277404568,35336.197255607105,
0,4.278728212870046,0,49507,22,38.042647201050336,129.525474906725,62.44884169234001,25.903842664352403,49507.0,100.0
7,4.524414147542364,0,77885,13407,37.85415023074468,24.97311279956156,46.58639330496989,30.78405891109932,-61637.50760009923,78.57722028565234
7,2.807155275996502,0,61865,1500,35.4905546113575,21.175321022047765,,-5.0,48208.88187185837,79.00496449693804
0,9.614775740160669,0,72213,272,60.51238583544969,38.52156305196984,67.21359160834014,29.69302327373653,71487.30884560934,99.10045942140538
3,2.3474764816258813,0,49477,776,23.12560712973016,5.620103956637237,40.20877438081882,-20.0,41787.24762661053,85.9083236646494
5,7.983973250684791,0,51533,1226,55.957682855108985,42.58670849033692,75.37485235910225,150.0,38587.10595911996,72.82051507071279
8,2.362306293763992,0,68396,1500,29.452675541508118,173.62851259299782,48.03440024680447,27.451005878578947,52615.040951545314,73.54672916166798
7,1.775892013522522,0,57755,7785,155.2118757779306,25.73030858921212,,27.261206996897243,41598.17444804186,72.06985843483129
0,11.003724540544642,0,45865,1500,69.26385794399019,47.787818551510966,79.26565918923345,28.84401546193032,31125.02583693361,66.591085152284
6,3.0914164295057622,0,56173,10893,147.95792956261005,12.126299602663858,45.80265704278904,27.299486323040615,41306.08740482239,75.73102361719121
8,10.033751700156747,0,78371,11829,77.81159709060839,49.99719731126397,87.66374655853569,33.274827242357894,62561.618933589365,0.0
1,6.990939582178494,1,56254,6117,74.52172510569766,72.92774734324568,102.36905120041467,120.0,54921.332644376176,97.96064354871773
2,1.8564217156964655,0,49018,554,125.33023987282998,9.670559546275443,43.19376752775237,30.75963608888424,43090.78133902034,87.44702986967981
9,11.509930105818745,0,50192,1500,76.44817815183177,55.87350473409968,746.0,-20.0,33228.80728651548,65.22638264279715
7,3.7165728369108177,0,47015,1500,39.338477259743264,21.471604929582483,63.57969824761119,30.386247487426918,32201.69636753232,68.57864842674468
5,10.45609879887867,0,48380,1320,64.44469310065476,42.15537984300024,78.26010191777507,32.23070576862489,34982.40209861326,73.82965760828027
60,2.856910063630206,0,73343,6352,19.90996184611252,14.731854633778324,37.58730052798331,29.65626794943809,58126.06513748913,78.7834888941668
8,10.393371703560382,0,48770,1500,64.01553265048855,46.68131561603477,76.69633599500784,-20.0,33570.39730919245,
-3,1.1455169419582338,1,50829,1500,55.0341972608606,61.71481726764617,92.19778319256598,32.20776894145391,34031.91111434787,68.1609546627603
3,6.629585022264288,0,79381,684,51.33540751879763,30.708601209105996,60.49787919563692,29.496727057554384,-70959.74653454889,86.864353706865
7,9.463868373637125,0,60545,1500,65.669953662626,44.735156391789495,91.80547194669887,150.0,43883.20516323335,74.26302093364234
9,11.282750692420615,0,63263,1500,74.97207389247495,56.85244973266896,94.71437089274274,33.13320427809828,46377.58715100604,72.09965029390678
2,11.001223498271358,0,70675,394,76.70653865475933,52.461729194267,113.7115462991866,33.40528085779284,66846.76789487178,96.00017089389075
2,10.015873565024094,0,70362,453,61.19992559864652,44.0170457238704,73.44479923262304,31.617529055547077,66619.82168664134,0.0
7,10.770104846274345,0,45148,1500,62.8610342527337,44.65248101068986,90.24441229294068,31.885297280303256,29474.169920360724,62.15753415804164
4,3.1914165442078417,0,46754,1004,32.80948394735798,28.171587368315222,57.8534198892856,28.42720277382066,36010.88938638039,77.0398593037923
2,4.126027252829017,0,71745,441,30.387512816304135,,43.826285089671615,27.749421766269737,67104.40655946138,95.50324557507211
60,4.178653774131644,0,52378,1500,29.58869212323319,15.15228877145109,49.518796907909646,29.934341416331332,35894.295480888264,-10.0
40,5.147593241018687,0,65140,0,46.85776575462911,144.46441481578316,398.0,28.45412603468306,65140.0,99.68236636322352
2,5.326527374237076,0,54371,486,42.88443595656444,30.774481089529196,58.46239311721855,31.889662836339475,50482.5393534375,91.697166660633
8,6.99010857120143,0,71999,1500,50.09300860123258,123.61322186671417,67.87552371057093,29.315494724117933,55197.47825852605,78.4574957741189
4,2.758677397030856,0,57779,11756,29.039756968980853,176.74987026695217,55.80647389291051,24.944733563620893,47638.27343861631,81.75473833916577
-3,8.603713301645882,0,76075,1500,57.48787145910609,40.54317559327105,78.85514395790716,32.41349615076201,-58891.92313964664,80.10027318981624
1,2.843231932349571,0,75697,6680,35.30236288838073,21.64528560329288,48.65057917686365,23.48912556052066,72272.51850925462,97.20906966594376
6,4.413393303150023,0,54795,1500,29.4938869897712,171.4985664304229,617.0,26.56567227647604,40625.94041047717,76.13960800697147
1,6.536796436667695,0,49218,290,39.90386427733638,30.83035204352861,58.65821564223387,34.53757009722119,46238.55402218639,94.06669029599075
3,9.76084617675825,0,56672,731,59.1223232908517,155.48580953394065,85.97572044287178,33.99804387423771,49835.88938765961,87.20792139351447
6,9.134161565626,0,76042,1449,62.11661606682976,130.5121417754424,69.885462618614,-20.0,61877.78772483004,150.0
3,8.100877920515746,0,56009,742,64.53110830197117,120.1777632336238,84.59996665652503,29.530358764503674,48509.41169855253,88.93801743892585
6,2.713505866381872,0,64544,1500,32.91294928943572,23.668833729960003,39.08244594564143,27.753334683525036,49810.39018600911,79.83262707083853
6,7.017498801771355,0,74381,1483,53.04970757997726,35.611074833134104,74.39225402479043,,59680.08272698044,77.44985987719862
0,1.96191151979874,0,70287,0,24.41022294257107,18.34040011122524,49.83050100492172,30.265715228624416,69366.64017069437,100.0
5,5.150994944763158,0,47586,1146,34.09232515383614,24.97432591066773,69.16353001762812,32.80479629136846,36307.86047006858,76.67767270515591
8,5.54868183318955,0,47648,9182,45.31835828638357,31.359349853016628,70.27303432806869,34.18491300868078,31083.20199610877,66.40375810740477
1,1.437925833903292,0,63101,188,32.31946449869212,135.16853467789892,45.48534051284815,29.959046992427652,60241.72422063003,94.1258067920276
2,4.01386909416969,0,66692,12943,33.86905719330581,23.601856226113533,39.84572804999375,25.726290479798717,-62591.71473787426,92.40564362426554
9,11.512144139931385,0,52407,1500,199.96041517668132,56.29787142381872,94.11691992534578,33.726117349187895,35433.944554882546,120.0
4,11.489958686126585,0,62254,996,71.27357744868145,48.32227609801424,84.30750609105522,,53174.55050368002,-10.0
8,4.875597596777933,0,60234,1500,42.376743676351765,33.85294240615026,65.0253365906801,27.620307262060724,45112.68779882732,73.86360968922766
3,1.4741011984315646,0,67211,10298,22.929156918417483,16.20583792516272,36.09893247195856,29.6770301329097,59185.59916632535,87.92155401603334
0,2.970044332609997,0,74480,115,133.29604294469965,,367.0,31.37960568065478,-74414.67275361861,99.46024356491684
3,5.314395727768941,0,69846,742,41.404724267595576,27.79692019443938,45.14141224146312,28.42351387216664,62098.53985570254,87.37655541763336
5,11.425576677661528,0,60321,1108,70.92282524007874,49.5784961732227,,31.958815860844783,48902.28819072713,80.77165646650722
4,2.5531896989090344,0,57646,1039,28.9109783943164,22.8585307411371,39.27769060186503,,47729.02880055978,82.92862481440703
0,9.398674280350336,0,67117,20,59.29511051759828,51.02675915759611,88.07276460361427,34.293367384986354,67117.0,100.0
3,2.195507933121613,1,49893,755,64.68136437283125,65.49561348503897,84.93851146801654,33.38160359689725,-43105.71771694792,84.80767456188603
5,11.793833351304045,0,54476,1236,179.34451801969377,135.35884553057983,521.0,-5.0,42041.76835746467,76.29959336692622
9,5.197781490200485,1,62270,1500,65.49041451397412,59.22498055466914,82.36718793532673,29.084475882458754,45852.64188493538,74.46036565888213
9,9.527579927889615,0,66702,1500,143.1481928177797,39.54923436993111,91.88758399454234,29.062257837089103,48935.50205382478,73.43245638165703
3,4.76850191092245,0,49382,639,41.66919458044277,24.65608460637679,41.73888491874349,32.39226162072201,43573.84120072091,88.33402548024986
8,7.904357648746895,0,46785,1500,55.43837597371655,41.03848837175863,77.17668416972676,29.17499370900472,31502.86939656395,65.87879551389887
0,3.112176932140404,0,56735,980,154.7148199705099,24.71243313923533,51.90906675134145,29.42109362468753,-47121.79384509655,120.0
7,2.606231212266588,0,75177,10830,27.07051870825223,,35.733509795873665,150.0,60251.20491178951,82.26623173762559
8,11.318705535249444,0,75712,1500,73.86939285887439,54.33812075281048,87.08324354080987,27.388842105956016,58091.84991951024,78.70915093764685
9,11.094120056948768,0,61679,6603,69.6275709422253,48.99833705063452,84.1854589475615,32.63085071511293,-44313.58750668602,71.55508049950106
4,10.762158342341706,0,62064,1011,71.62768942875648,57.60967778160296,93.77990262830632,-5.0,53417.17889167374,82.19346108724001
5,7.879767951832528,0,75563,10053,58.263980915417136,43.28928642621213,341.0,27.191341808980734,-62728.81813405412,83.36585257326122
0,9.89095032337906,0,78092,63,72.48845330008609,54.32438561465334,94.05782789582216,34.741196672554715,78092.0,100.0
6,1.7594063060251242,0,71867,10382,141.58368463138913,9.06396507749612,38.223894527963,150.0,56269.688350674216,76.76979893660305
0,4.682679460797471,0,78754,717,38.35780414485965,22.1655211124848,60.330921128289496,27.66129287493506,71164.26586772627,89.1302459918574
1,4.450734372328719,0,64502,276,31.15876480716276,23.726489069431825,43.65960722533521,26.196405917330505,63277.746224745846,96.60865511175076
4,7.992098541478746,0,45760,1022,64.0917997925892,38.66736582198712,74.51409878412503,32.70358029892422,35458.03854481088,77.89875868910615
2,4.9155355081770455,0,69142,493,29.70023775486602,18.292263056905803,58.50322119308036,25.832781555161333,64616.84805963043,0.0
5,2.633574598080489,0,62290,1272,36.58221993306149,30.325204405496592,49.86362622413841,26.50474604314613,49718.36463319817,80.0652016386542
7,7.561137829548981,0,50499,1500,53.27303705920061,34.70770274261858,58.17785984817421,120.0,35196.133738498094,73.26150616279646
6,9.958223127359895,0,45364,1500,,41.97934787731446,76.07198580756088,31.68311394765369,30533.7817564869,150.0
2,5.203358439059705,1,64797,418,70.18844672665027,71.80208595387845,83.80651342252897,29.660557759107032,58870.91738376088,89.11433698712743
7,2.454955866083299,0,77535,1500,27.43028262098295,27.49532681885145,63.588980802002375,32.65979989343901,-62416.652693406606,78.32124427319397
1,3.1635701704410537,0,61105,299,33.758273850927786,20.396211068199296,48.19096316334653,26.629144070982225,57782.89648361129,95.05839019429226
9,3.612316356863224,0,52939,1500,24.87834447520983,144.01408521825928,43.89763576401042,28.094716119805657,37862.65373780955,74.52562654386855
8,4.298873522939898,0,58936,1500,33.23373642922998,,55.64591533212722,-5.0,42317.88780504623,70.45072171922584
3,8.0707457755694,0,60863,745,149.89126547733588,35.34003859673454,62.54262970957373,29.329280725406747,53025.71891718621,83.89062871871782
0,7.610400329914909,0,57561,61,55.28902556725363,38.42578613827296,70.6588654546909,30.262047820647314,57561.0,100.0
7,8.65687847723743,0,55447,1500,58.30622337820641,37.68642940441662,67.81139943581178,29.974514945124103,-40525.72390029925,76.86350078761619
6,4.987521829846645,0,75624,1472,43.028088351377264,33.62124309215663,48.587227272595314,28.41194984622939,60061.264793954695,80.55599307719244
4,10.063974170679762,0,57411,986,66.1437458743056,160.7118846438039,80.16317980342639,31.04920006916335,-47664.128927497804,83.66847337057484
60,3.244964272713363,0,64465,1500,36.51776554264679,26.342626320489067,63.287791917500094,32.233737602023766,46988.684694748736,
4,6.159448222699694,1,64642,992,72.0958696584547,133.8051545052001,101.2737649572789,32.63707397234812,54912.06935530587,85.96950515568732
6,9.810325936955731,0,76262,1423,185.49903923637214,48.20833988579773,404.0,33.5893277105458,61234.497245864,81.24710849525056
4,2.981745125058812,0,75363,986,143.67410791842306,26.78374012985727,45.89886048957733,28.969354020674263,66966.87877229633,89.28357389743793
7,2.2084942511486125,0,47107,1500,30.58910149584643,27.753568619897848,46.197931231914666,29.42829547380317,31943.70757914537,66.3824933050501
5,10.720523644567889,0,52928,1197,61.204395440589,41.96460734008955,67.3505644136789,31.943867623919555,41274.04174681371,78.3980299315426
4,4.7722262903511545,0,64317,1071,33.75557750683217,17.529999660315617,51.95080669675143,26.87552055534345,54508.80106150071,84.60260332605743
8,8.522571373999352,0,70017,1500,57.203902176472845,40.5835590658188,,32.02065999785273,54866.298517759904,77.15832195985384
1,1.2788346469033232,0,58528,192,20.21998987081023,13.6509436673484,36.11699709910755,27.46505160949425,55940.74405260109,120.0
0,8.590515772503945,0,58313,0,57.62544521976015,31.874529369672658,,29.147141708591946,58313.0,99.27070398590908
7,4.477114427016676,0,46559,1500,41.36652363634261,121.95745328438281,53.26413106241312,30.8126905440377,30702.616717517776,66.04506536203166
2,1.6131493894618592,0,60167,447,24.512661972319652,139.0178192218801,49.41915050817672,28.102740079537853,57266.258476683455,95.8635820686398
6,7.707940377029288,0,60343,11202,55.27815640024259,35.43657777811841,72.77044343310234,31.576625004778016,43690.78798247456,73.30130046177356
40,3.648841976804906,0,52523,1500,36.59727772704166,24.21339735253439,745.0,23.66597341572046,35562.911986595005,67.01687970207034
7,5.25487966257068,0,73439,1500,46.6452693385812,31.400192692189265,785.0,30.554119963750267,57875.03086791404,150.0
5,1.8863889351516496,0,60524,10460,9.151883868433512,5.0,33.29732454535632,32.84397031913704,47837.54872408213,80.06374522610093
9,2.6187957620443987,0,58285,1500,26.16084656903173,13.29683843338752,44.608412205165,28.553343350298263,41878.21504093903,73.3115868507041
8,4.277749590454281,0,55973,1500,31.9739090159729,23.891543146217334,53.77866478881191,28.775183204020507,39936.07851020627,71.80611748678227
6,1.9873545061617284,0,67694,1500,27.313353210282905,19.58563469208876,49.0845380746352,28.0041810018914,52564.06561184844,78.55754234954254
9,11.019088911549469,0,49302,1500,67.78492477982405,,80.45633298835996,32.54769906221214,32995.03757484923,66.29223876638159
4,1.0665174750237627,0,67391,1100,20.71189545969442,21.61437169912301,675.0,-5.0,56960.2023996084,88.3873519961787
7,6.322462407507426,0,49611,1500,50.87302741954967,129.75923122572726,64.98671399368394,31.49405394828196,35543.567102044755,71.54836109222434
1,2.355722039458066,0,54372,239,23.763680503399527,15.16794526325767,51.8426968036203,32.59231187804085,53385.48824284078,99.86740258515428
6,4.384469984257434,1,69312,1464,68.73642828484827,67.6922758297091,92.88703254027033,-20.0,54840.79748808255,78.39151027238715
3,11.18665515800092,0,59080,13378,78.70241490580673,55.48696731878304,90.01101107247607,31.85154830844099,50391.72353049595,85.8561787625728
8,2.778640086013856,0,60082,1500,33.05127772942718,25.59906780344448,63.18041316574421,27.823482048437405,43741.69019129221,73.30945552986383
0,11.62415551690166,0,75677,5,65.1918908011084,45.45544185340531,91.52262528739132,31.505372332277474,74585.72666752701,99.34970630139168
6,3.2637381468836386,0,65874,1500,29.85995722803769,13.130286457563235,46.37211190270509,28.38839582085588,51636.58754797588,77.11489729454371
5,9.157227193135125,0,53378,1388,62.56521764206061,42.04865985644552,77.5245138994809,28.564762391034733,39738.212256720486,75.0309624592266
60,7.013449913870429,1,46597,1500,156.11967512955553,163.89647666211144,105.6562004805242,,31446.80927375341,66.44927274752038
4,10.729266003564351,1,56600,998,97.38458482638552,93.38601564107644,676.0,36.11992986751892,46882.99785374555,83.50137299406201
0,7.09392581053444,0,48747,0,47.27068459772454,29.945896634621636,56.33766641027048,27.409830724269057,48188.90367135856,97.5377731843185
0,6.880151410719395,1,58879,0,79.73957172784182,69.27665676700676,106.34900694680124,29.94948978108491,58222.13428281117,99.34322998282036
60,3.1500380040523988,0,58017,1500,25.31576650078727,17.97854537679399,57.39875630161298,31.027604325399764,41654.67000562107,71.75489097586683
60,2.828522982568246,0,69815,14160,34.64128624306382,27.71384805617952,59.14265480380695,26.44472656502523,53703.58106143756,0.0
5,11.081380662270655,0,63964,1141,79.75030818109413,54.2515239611563,86.15005666174983,32.05986952704815,52271.398663566986,83.39670892978529
9,4.606220187350375,0,73812,1500,,143.36321128006153,66.41124734187139,29.49386084979477,55899.75174054813,77.79135281846928
4,5.092904804591855,1,69714,1009,69.3023312553137,77.10162414267813,101.68851933357428,34.73503648251407,58822.68317505241,83.21981277930588
0,9.358060242712272,0,63890,14,66.49480621312959,135.63335795918692,86.59547889979909,33.55076875139898,63564.10252469477,98.9148639760288
5,4.727058306650881,0,49725,1246,187.59603018180832,30.493308985866317,772.0,27.692413730273376,37232.67170525538,74.87106536349751
5,11.47268691302903,0,65684,1254,70.98573083461804,55.16493748106719,90.200765981128,33.99199418175415,53564.383492772,83.2654397542214
2,9.117205458986804,0,71325,597,60.34680944818525,41.88342770520915,84.21459072947842,31.158235415711268,65580.40877522442,92.51000827238164
7,7.57172166830762,0,77542,1500,49.81093664589762,31.651301583114265,57.15222965502087,29.610106248733384,61751.83015329,78.51285656936841
0,10.689846765992275,1,58092,6773,99.27265795464125,93.0465881931899,122.4939030201534,34.878431594123,-57646.33093843007,98.17246024624328
0,1.5456649918443102,0,75382,16,24.222870659447796,18.81366083135464,41.63772365469883,32.82735181438759,75382.0,100.0
5,3.827689614081296,0,70457,1318,30.237784799053003,17.93707011127385,55.09814288603648,-5.0,57747.43917473711,82.57376187204889
9,6.11539967643001,0,51131,6986,40.20361667401057,29.259188352806436,67.9317581534377,27.09073478325765,34367.15785744365,67.29262850432525
0,3.496763934186731,0,70215,29,25.853742610763327,17.457377753101213,,25.884163110377823,69120.84472872464,98.39612640969528
60,9.182957060323671,0,57612,1174,62.99745861467857,42.557838264905534,87.05746459189642,120.0,45641.115673418506,80.56463704692018
0,11.111288341590978,0,58091,0,70.49902885985436,46.20596168856269,94.83403882633336,32.01858718577868,57571.11073664144,
5,5.661471319240158,0,74759,1179,177.51255556838322,30.50825254983885,69.90531721433064,30.62233765881049,63057.064239485175,84.4249126753923
2,4.763458601230845,0,45559,351,41.13992261787589,27.734516364955173,54.31419383850076,28.48123184724819,42935.598149379846,94.4091802295987
7,11.577058053513229,0,45713,1500,181.0359102809249,49.0051625794219,83.69245393843516,26.0621791740354,-29131.74859446218,61.858627162983886
5,5.8933767611029495,0,60184,10018,39.11562012965878,30.66028457902105,46.2601442534376,27.14479772279532,48732.55735735722,80.66151080250455
0,6.379532404942116,0,60261,23,48.10307161955487,176.95023030645783,49.40142585849509,28.797529650517912,60261.0,100.0
4,4.868148595760959,0,65372,1002,30.697348180902008,22.482882124136708,318.0,25.202469220810404,56238.27256858684,
7,11.005033203133522,0,77140,1500,68.73024336099648,45.94646208002763,84.82312678093405,29.428164763979638,-61291.4044772304,79.64382332725009
2,7.258510316100359,1,78024,580,93.62478344339118,90.23477246843328,,34.136507614567606,71227.17782884446,88.17311295635058
5,9.383920458998093,0,77544,1250,55.17691498072783,35.229723202594414,617.0,30.520579868573503,65187.75661497366,83.85713806432494
4,9.92987390185975,0,45037,1040,62.50065770964513,37.302492389519074,100.6407270996934,33.84010192586526,35836.74820525718,
5,4.76033946108984,0,57697,1231,28.18723328700036,15.4471293784839,41.46797934226625,27.7637241629883,44500.58270665456,76.60033908023101
9,5.7706376445241805,0,76707,1500,42.68454793151018,,571.0,30.049211167479985,59478.75025188585,78.17943587931879
0,10.333189518468911,0,71016,0,,55.38463209436288,97.96057133208244,31.43676391643371,71016.0,98.31135112092994
0,4.995808868433913,0,79600,1389,42.31363152612156,34.86731256001332,64.59977429132714,30.59111774317952,65078.23448858172,120.0
8,9.733286467970364,0,68984,1500,,,70.32538458764657,33.56826106306862,54316.868034390645,77.56869632671753
1,11.350915548318808,0,50167,360,82.66163096794952,67.14401455863458,110.45580325306612,34.4143976621791,47308.66056250413,92.29917123114856
9,7.855314103748077,0,45432,1500,45.564807471148335,168.41396087518135,56.22371884939281,29.027865849206517,28356.621347209304,63.88958113643561
4,9.157900161970778,0,49151,997,63.05921660863898,37.10007775228172,422.0,29.14309056247135,38723.28292036634,77.34221118619597
9,9.856070432452483,0,51411,1500,64.6049160977271,54.006573936311575,,31.989862395384357,34490.91502897793,66.45283213816246
3,10.295436137863067,1,75788,793,95.24205728476323,81.42903105317691,110.27804827929036,150.0,67909.66371497056,
5,5.345586716424756,0,71623,1354,45.763390950768006,124.88566132241613,648.0,30.044140515159032,58534.561079264255,82.05125363319775
5,1.56389805093598,0,67104,1186,16.909593213303395,11.013706287553712,37.40420917085958,24.34850737519321,55301.14467972197,82.45955366848081
1,5.420638983604134,0,45256,189,43.66630808738232,178.15532782318087,73.32088287592605,30.48945656663023,42344.23663285885,
1,8.411318527624989,0,78439,249,57.98488425194752,37.4242050726298,81.19024793266722,32.33378159043372,76668.50049994659,-10.0
3,5.9538542435887205,0,78257,692,40.41420790237504,32.44719844676563,68.6945206224407,30.754326515811435,70988.93514609234,-10.0
0,9.238594659464384,0,63066,0,,52.67461051762893,82.51147841176436,30.935879063275525,62323.97151340105,99.2641720931635
8,4.926806724155303,0,77746,1500,38.72484730396832,,58.53929515025324,28.990437564700585,61375.56387158254,79.12053274265348
6,7.982185552144325,0,47460,1500,54.21767589974809,43.24969086766964,62.76217325711745,27.82328020861272,33271.44624179599,71.78683870998445
6,3.0506178533937205,0,79743,1498,25.11470339048989,17.308865489990634,45.074574882159546,29.363709761951316,64911.258661811655,82.54508865683401
2,9.243063803094524,0,48216,537,60.39861675989072,41.17644831788868,87.93767027467715,-20.0,43142.04922632799,91.1363219932118
2,7.0026556569432845,0,59267,528,61.68705131881134,124.21423835216886,93.95760127334104,29.69039772227523,-53107.00951384287,91.63648649043532
0,3.2447082740126065,0,54581,0,29.959982070205108,22.154931618303124,65.29704439242286,31.753038574635863,54581.0,100.0
2,4.21102290847588,0,49515,504,38.648624257447615,23.11143144904265,62.6583144737588,28.70344768483388,45281.02541589085,92.72953930011457
2,9.234695794400157,0,67076,408,65.92621763196834,42.747275221590606,84.73536063699433,31.026842087758705,61369.61609534699,91.99619703317828
3,6.308613592276728,0,54776,719,45.63605640568316,32.02107204658922,70.38995532592158,34.338989317464055,47212.84028625217,88.18271053325657
3,3.376345844323794,0,66947,10890,29.83377771019997,11.291651293690514,48.99068555018022,32.12309458259008,59921.5448109925,86.87365957986692
2,11.639983094073274,0,47963,499,75.56123487649722,50.3609065526877,84.05916022294991,28.831537914696547,43097.59537558784,89.3825790365539
9,8.866375217985766,1,51786,8586,88.12558424550683,81.28633301798725,101.39587721176898,30.553676305281964,34470.95601174004,67.17934815883375
7,11.528483157937757,0,58866,1500,70.98319042575746,49.01944321675936,94.16170561919218,30.430955703341304,43684.6102906668,75.0651989369643
7,5.698155498963775,0,77305,1500,48.190226966116185,28.703385885308087,80.01261520679193,34.57345828096352,60871.07115709394,78.71498325870701
0,6.226103747608925,0,62360,49,128.7702555522752,30.254319146676103,69.98897297839865,29.384700099086167,61273.96237249987,95.76468824273395
6,10.877507378035212,0,77813,1487,75.45373608149976,57.53683084571136,,28.366147491977856,62306.95372518715,79.80634260377106
1,6.775542742699231,0,46193,234,48.41808027228055,37.785251511967935,623.0,32.56801783130155,45055.7105197641,98.76226852480046
0,8.780068030962338,0,49512,55,52.31436236304824,37.00251923304986,68.31633487537607,31.65318814054087,-47736.23197367661,95.93998245288664
2,3.7739016524508298,0,67666,453,16.74053149808589,146.0163620045721,20.91733835544398,31.17526368549724,61765.28366030863,91.4183960588336
0,5.913991155729046,0,61630,853,128.2433354744786,24.118942487219662,42.27182303592131,29.56560865167014,53532.65737583543,89.73618587287794
-3,2.3579485239139064,0,53983,11769,18.45994028824822,128.4298388916481,37.71295944568587,-20.0,42214.84230928533,120.0
9,3.2657803946465784,0,45636,1500,32.661591627372374,23.2733895178587,,29.77153999845757,28760.053105658608,
4,1.010377567943942,0,48775,1032,15.19522437364902,11.93322094503842,27.19563195511084,26.269661237858287,38530.06015302864,79.28676962584507
-3,1.4319155681352624,0,47421,894,12.28892096035552,10.609421372004284,21.29454613786647,29.31455542377992,-37917.36791726007,80.31533049496483
7,11.750122054946225,0,58025,1500,73.09608183235643,46.3228273259007,606.0,35.441792254080674,42598.70128986872,-10.0
3,3.665890646504385,0,54280,609,27.920312896867657,18.30314426134856,,25.26164084029873,-48075.67160980105,89.15957200864437
9,8.29641780454402,0,56351,1500,58.797584712339926,41.949958938222736,74.33823289103906,32.83211288619841,40822.76009464431,
1,10.230096686795727,1,75171,161,98.34182667031278,84.97593836232477,117.11970324343052,120.0,74908.82413700115,-10.0
2,7.057265051602207,0,48644,536,53.00675666892693,34.409444250811326,62.8393737871606,-5.0,-43141.90730783432,86.84649478249598
5,2.684589500923518,0,61142,1320,15.631544868147053,10.070494577228658,44.83644042407092,31.621001405835266,47063.34983983539,77.05779813141314
7,9.009280810697833,0,52773,1500,60.27344968538856,41.5160761468258,525.0,28.31464483435773,37580.97950034719,
7,7.602765511095414,0,73466,1500,52.40681555513677,37.551182036161,71.65714829178067,,57858.954579108016,78.54805224090437
8,9.043756482821124,0,55778,1500,54.110561015216646,34.48526965881983,69.77860607574976,32.56846125152534,39635.53101791148,69.63917589148753
6,9.46721285142796,0,57501,1500,51.64891044445754,40.026319130699214,55.41711560116579,,41212.141236537216,71.02566483312309
1,11.729514044532197,0,47108,285,73.10414561697385,,91.02236161110204,29.54910300920968,-44406.892434295296,150.0
7,7.30919608029381,0,74369,1500,56.86656067025008,40.387383275596655,61.9618768521465,30.16052280457702,59207.28719358857,81.78740459360705
6,4.75805223959662,0,70818,1500,25.88147318510673,16.637701462849822,48.93141551312825,28.59578506785971,56612.72382347435,79.12782645049828
7,8.133110125902608,1,55251,1500,128.6885921877194,77.99466538626518,98.40776821439236,31.04406028913725,39346.61109105204,70.39351458541103
2,1.752847801668887,0,68341,531,24.42191457327525,23.7802248390552,50.71941004828594,31.52973682629861,62432.69381023103,91.19149652289404
6,10.871370501537449,0,56678,1500,74.9814524786554,50.970541364607065,87.03809541160254,29.385138547953662,41267.22570831061,74.66947158377009
9,2.3131911247201646,0,59367,1500,25.004098052694232,15.324883219207212,388.0,27.765894200102192,43613.94341731598,150.0
8,4.606271216744001,0,74672,1500,47.68637082387392,30.05983735680101,65.32627283121734,30.589754401657903,59780.88658866543,79.22521077852048
2,9.97319918688733,0,49332,507,122.36335748891946,38.88413686789238,61.20087383502656,30.514014705831787,45172.79225579184,92.18592435497725
9,7.57043616163783,0,57002,1500,42.76749119999441,29.652429118917222,59.93294400774917,120.0,41020.15095860784,72.40647154048595
5,5.329990723051863,0,65284,1274,46.73852886387777,32.92274226310716,70.76248876940221,30.180926469550865,52566.2554810518,79.87788069593023
1,6.207792253125236,0,60700,316,34.29084000549233,25.87661152278989,609.0,120.0,57770.9879672238,94.79617223731634
1,10.400021325223983,1,58769,183,99.30776830762316,90.88411024352584,121.32566879654652,33.932499057984494,-57020.63318245707,
4,4.740048246658814,0,74318,1038,37.22757904082501,,564.0,30.67436163104403,63812.30599161804,85.2482689360876
4,10.566146532933884,0,69323,946,63.32572965246944,52.14321702888425,72.13182660437877,30.482244944308505,60466.34476840438,85.62890793381635
6,1.9694787407436063,1,72610,1500,52.71405766137367,59.662561499329854,75.45401005144409,30.76282271644097,56287.78441620556,77.24259974628761
1,9.544782809294938,0,51963,272,56.27855457832749,35.0379484334666,58.80522290845364,30.756844475828263,-48112.82095893728,92.87457248653256
6,10.3230239636021,0,52838,1475,65.02344954092912,39.33560673560135,82.20246185423959,32.89228366979997,36714.37651755679,66.29812854495236
4,2.9999941812107265,0,57243,1025,30.087067577827924,18.27835080234188,53.92874970570292,25.74152635281219,46401.24692271346,81.64845901081841
0,5.733811856094205,0,72939,1250,41.58794939824034,29.722198098968747,56.18007531389842,29.45703776336253,61515.95311212546,85.8001673986953
7,2.820497521300212,0,46845,1500,26.177806195594705,152.13688691245991,474.0,27.39709630842217,30393.83492894541,64.34582141465218
9,8.772645418936396,0,61766,1500,60.13391206988472,39.58322946969309,726.0,31.417238445356688,44344.28805540785,71.28533632234033
3,6.888825448678224,0,57780,10218,57.74198622236527,40.52365850996162,67.9632953365206,120.0,50115.70610878274,85.62776025915235
6,7.988556813791531,0,46509,1491,53.61176705904568,36.16034630578686,75.6227443390936,120.0,32467.010914388116,69.57944121511323
5,3.1613566365183225,0,68957,1148,34.906735707612704,16.243912025455067,64.5494396989236,30.177402840179585,58421.23029241482,83.88398920584213
9,3.329204482576615,0,79346,1500,26.81513742285636,23.079302309969,557.0,29.094246210579836,63658.04475638543,
1,1.4564705806089702,0,62263,220,15.611946398920486,14.308190042871663,30.58785803766535,30.9789970710289,-60864.63403545768,
7,4.542742887153027,0,71148,1500,146.2517744412055,135.22375196742706,43.734469474749005,29.368063152780923,56969.521699878496,76.8505852588028
9,7.157191274670424,0,76533,1500,185.85810873971997,34.960362957436246,68.42002441860235,-20.0,58595.80119150612,77.41859341767453
8,10.437284053970616,0,57931,1500,72.83390697806848,160.0783836493311,87.58410111737673,31.83384074748721,40951.08966951235,73.2681327882776
4,8.336201922045488,0,46359,1005,63.30812718869624,41.88050271266746,76.76065330104986,32.49062844991364,35758.41187172324,77.89730183538882
9,5.789359557397265,0,69532,1500,48.14222199912376,174.35258532577203,66.83659318129644,120.0,53114.98261254576,
3,11.484321258335516,0,65344,742,,56.79606703017515,85.95367242485338,35.28993673469725,57988.39043714113,89.6140552375884
5,8.91169720633415,0,49242,1346,,32.848741179178774,48.57777553738003,27.174297725538946,36066.87093464941,74.73059856626304
7,11.23181723148805,0,65601,1500,73.38169865527539,52.34654587509258,424.0,-5.0,50768.37538793962,78.80307626328948
2,6.803467705993822,0,64116,522,53.33173767729413,42.43303931983567,57.8913805377095,31.30944542093647,57405.72277715923,0.0
9,3.847947022724536,0,75782,1500,27.88082210281397,17.074328674252246,38.18943175938495,28.232687912459703,59169.73441689413,78.55389093788976
0,1.581093550011942,1,63880,37,52.94933030800865,55.51001456084886,82.00242499315895,32.22285250357433,63796.48736233023,120.0
3,8.986933366322354,0,48499,785,54.72102575990059,124.8893986385566,67.27304019058727,28.42646613914179,40458.59530575392,81.78756953290282
3,2.3343329780608757,0,76587,779,31.809217864308767,21.894226433689383,35.842382092119905,27.252877497231804,-69006.30913633046,88.49542210524633
40,4.330526410991639,0,71020,0,31.8726417295757,,59.833168935946304,30.940888526151987,71020.0,96.21160566332787
8,6.857179986722871,1,53080,1500,75.32158939893112,73.86615102728739,100.56946197318214,32.74732267142435,37129.77747999229,69.29845107879584
2,7.208582465577225,0,68207,586,48.72266149760605,31.60978163535083,54.643898901976726,29.491989330715604,64229.22795239356,96.29129811436782
4,7.606415166858496,0,78957,958,64.27912694379384,48.37349128591383,79.83938253014098,33.37203719572785,70053.70978707404,86.56931059764209
5,2.828808633846707,0,58908,1344,34.167404519614514,23.62186015421205,47.64727879840252,24.997294736420454,45868.90123157397,78.95743025200687
7,5.177111453038136,0,75652,1500,48.948576559760106,37.32971043986688,61.092091530659175,30.6261369105194,60554.98407157164,80.83778441442243
0,7.789136498286633,0,75344,1258,44.88008321403196,33.36065699024742,70.10912005440368,34.16180663321915,-63374.65467193732,84.45869102088396
40,11.668007510971632,0,70034,488,66.99356382399532,52.593530512408826,77.64230371406428,30.457650998205644,66478.33754685524,96.6968190200006
5,9.003942514696575,0,70788,11308,,48.05628100471476,85.53287624562581,29.354072053120657,59635.4312610479,84.18314279297027
0,11.148641328033536,0,57751,0,61.9424008990343,45.79945132106113,69.33462067946473,29.76858294843667,57751.0,
-3,9.384332641455948,1,78793,707,88.5632423530314,81.68740129230156,113.6864773132279,-5.0,71054.07703489144,89.87892245444034
5,7.508886657816404,0,77839,1258,196.04894197943122,41.96323739423893,80.79768414243607,31.915184876874825,65606.94206864225,0.0
6,3.11225706049979,0,54385,1500,25.7439616509755,19.98370198592431,47.57693422423906,28.65876667402875,39848.14794671538,150.0
9,8.333542170817644,0,63232,1500,47.56272359051209,39.3048293035173,68.83649791572381,31.14438353746383,47354.28235362598,73.50404634754594
2,7.8571752255589775,0,79790,497,54.523248649676525,35.70275146308164,68.65320292344336,,74226.88050653433,
8,7.627160875029931,0,60831,1500,44.23708950434344,29.97341733789005,53.01620916013429,29.63308696849808,45421.45717416988,-10.0
6,6.387644547870648,0,65125,1500,142.22663196517234,37.29373291382318,62.101136004667296,30.869058729876425,50765.40963191989,79.97165509694388
0,6.815222643882032,0,62682,0,44.60181947196169,33.96085887014004,66.13215152954194,27.89527708599649,61714.1071966975,98.82209971916312
1,4.6788677982991445,0,62288,190,32.91814384693612,24.42453262440793,41.871881924337,29.041920591376066,59306.85491513345,95.98486116537347
0,6.712439619065335,0,69405,76,48.70910985864668,37.74862952678627,56.174121257388784,32.39034384498211,69405.0,97.66851746274048
8,3.1731149624632606,0,47620,1500,28.843385549939025,28.086007787521893,62.7871937510325,28.09953094430034,30935.86599095735,65.54190602590478
8,9.856918370964143,0,58854,1500,65.54633782322482,177.95966967344776,78.91348313597157,31.92973161635685,44084.188225516016,71.78494104628054
6,3.043546501685786,0,54677,1460,32.82525475544243,25.41659424139126,57.48356746253186,32.188083092278454,39773.849731644594,70.9499211406784
9,1.9346291887841307,0,69074,1500,23.58670722653618,17.79325417132401,50.036557124669095,26.69283399896299,52881.89587821417,78.55961200333286
2,5.798706289928731,0,62824,465,38.1862883997135,142.73097671533134,56.72407036763515,31.133634898494872,58373.03698266185,92.9356619055665
4,8.241381834566681,0,45765,1059,59.85945059815723,44.3259563134172,75.06443481272579,30.56110650311438,-34721.4243242792,76.02770259102832
3,5.814885074268955,0,76615,736,40.60737628083313,27.35795131498954,55.16511968755967,-5.0,70339.36506402412,92.63957100676268
6,4.044295451464395,0,57975,1427,30.87603238479346,22.90540559594337,62.84256680699905,28.37849094037756,43336.61936090763,75.94772461547035
8,7.139883022794848,0,54341,1500,146.01063427202115,138.16485422827395,61.76103477181521,29.92277236698069,38388.03105655147,70.23660868169502
1,4.8170256895342,0,73141,11329,29.44181635139264,18.454010333551555,48.30354974374711,25.82730588524345,69071.2675166876,94.8751474139608
7,11.261544591392964,0,57334,1500,164.65854002237288,55.47355544232911,97.1125927675775,150.0,40764.88760732158,70.99645319170632
8,11.149096535639291,0,60835,1500,71.72429269761741,54.24333681874987,92.16192225080472,33.27042723651655,45736.703027652766,72.88358434111787
9,6.52609001969305,0,71548,1500,53.239548299830346,38.30541699675398,79.77150652836166,32.463325363066325,55043.57413240672,
9,4.606723934200844,1,70039,1500,65.53165897308224,64.05996226359858,88.25604840634634,33.043683173024746,53070.54687340903,76.39242169202953
8,9.10845655352303,0,77530,1500,67.16644042772649,50.31757161814831,90.8454515809826,32.08548542545781,61074.40515352077,78.19771664001672
9,1.403842378313733,0,63565,1500,24.66742639407805,175.5694998315521,31.550159902627072,24.568753474245327,-47503.8695805336,74.168884094863
0,6.222459066480163,1,54834,9960,75.97834946018462,71.53537714256517,112.13002195835332,35.95455733399355,41546.29687045107,76.46342094074105
0,4.699557336973669,0,45840,7186,47.58126631239853,27.48680767207171,71.27736442732856,30.62532063470868,29390.614910025044,64.35733040563689
8,11.1258947361281,0,58873,1500,71.10553733487441,175.3608860403967,623.0,32.66801781749013,43749.68943814817,74.83978840190666
60,1.132033299999508,0,76568,504,180.53639280891758,16.302904012931272,42.50315741763273,,71407.93946972938,120.0
3,7.08096363290184,0,55846,777,146.47096701550353,38.06674679625896,76.77630403174923,35.05962506846046,-48530.51964523001,87.54328640745365
1,9.147299391732886,1,50899,213,88.04165112309451,87.88947257508592,108.46770353788632,32.54211899760101,47274.96891328414,91.21729289070257
9,6.335197862764454,0,65502,1500,48.54422271679574,40.25815856386959,68.09940414751073,,47719.05833457352,72.81451803164468
2,1.9394333317899384,0,45565,494,,20.68883296166872,728.0,-20.0,41269.06859868713,-10.0
4,11.697075290306923,0,54187,1010,73.44535628908832,165.30483972730076,99.27840865667116,33.16809989201234,44326.95435221487,83.2030575978166
4,6.698114745137077,0,52226,931,48.941272026052026,32.27275105018424,72.08322370735665,34.4834720256659,43100.94175868652,
5,7.756048687509125,0,49311,1200,57.76939941019206,36.350324800705145,70.58921071728506,,36347.98476042871,73.49035423425778
6,3.6027076097825805,0,70689,1500,38.94973816945356,23.41105949940953,402.0,29.60623606920703,55351.212059745216,78.06710598799918
6,6.3184789361748415,0,51083,1500,44.32921835479509,33.89853826140873,62.35514765690185,31.93484002482032,34745.20160892002,0.0
0,5.7206444115415405,0,57598,0,44.46490208872585,32.33698154485386,55.66937334505551,-5.0,56920.041452080455,99.68077831229697
1,1.823854262021821,0,61940,276,28.13058284734285,23.25125135514335,47.1116747750855,31.16751318814056,59213.710451098974,95.49157516504356
40,2.16776388902214,0,71880,10537,27.488580725495886,29.36849214771296,507.0,,56142.26160602271,78.65785406909428
40,10.21219771580652,0,47580,1500,56.75054140018944,,82.09939846609349,150.0,30509.6561489804,
1,3.6380194742724927,0,54386,261,,23.52093020324211,63.71819005660955,27.23659486014319,52239.72282750662,95.04581633177489
40,3.144540986484936,0,64522,1256,33.33711150599336,27.476485336895184,61.30205347614599,31.283343650044294,51943.375787424695,79.62607753475773
0,6.554025963751532,0,71224,0,50.73987351979169,32.291862294489746,,150.0,71043.25614915778,100.0
2,9.456218444987645,0,59635,469,56.32033858667141,,75.3333892007529,28.93495071129988,54949.90496207136,95.3123674518186
1,1.681411704368867,0,45671,234,24.1690081953552,167.53014817367787,43.695492197383714,27.139563386203054,44978.69538076013,
2,7.344887116020814,1,78545,453,85.94116174712721,77.97261742164599,116.7010700568666,32.97379918045608,73792.19452479632,91.38459765557116
4,2.311314871246307,0,71855,1065,22.153671331715525,161.44008092632333,27.57934563896956,27.50126425027489,62096.79487431113,87.00516098051192
9,1.401071559081803,0,59260,1500,18.9026350461871,17.941928507629143,46.236462084811095,30.693687061072733,43197.02822216928,150.0
5,1.5801834737843912,0,46074,1235,27.203312974259937,16.334386576821224,34.54303540385226,29.87018911050932,-33495.47249760392,73.41353634246148
8,10.175805190292854,1,54475,1500,92.54351282761095,81.34742710791438,114.96810620543218,35.779094738943385,37234.77108028694,150.0
9,2.297697319908677,0,57878,1500,25.445942211815687,18.40562831481649,54.5302807452133,28.77824755133573,40876.21820577952,
3,1.4966650085352111,0,60120,735,17.31023174713983,19.753137623927422,49.23927061942158,33.3793666196917,52801.10679480277,87.38088640059625
6,5.816898758572036,0,68147,1436,128.0193096214073,31.07542010729195,78.05726354930204,31.311022015590623,53575.17857887592,0.0
5,10.283928191362271,0,46986,1291,69.02275478265416,47.05944795916805,76.4132138780797,-20.0,35195.30653853931,72.84851770815253
1,3.8864921413823215,0,77430,112,33.15548582338077,24.249580155269683,45.46375928705195,25.90496774329108,75447.19863343936,96.95871540281924
9,5.63883879278508,0,62430,14741,162.5528557505042,25.503825154920264,52.83889504391477,28.53203214920841,45812.55090533993,71.18656372061682
40,1.4391478582012636,0,47176,12533,16.053916175269386,8.040196451848853,32.48092330136852,28.476020680619584,32105.09156549751,68.48867374661816
6,5.939863655483634,0,63722,1500,44.1488178212778,29.970606016460646,63.20820285944954,26.884177726407632,48499.49083174049,150.0
6,7.353743887008471,0,63617,1469,55.09400984099259,,83.14276860883461,29.74319896950097,49643.9388053072,75.89978026295277
60,7.279977591273592,0,72115,1500,47.35081746998429,32.36532564300236,57.16425623813981,28.63845804635705,55744.945862819,79.23166592984177
0,4.656693613918017,0,56906,64,38.811173676072,33.030084182714255,54.77092080465805,27.83089394397608,55178.18625753782,94.08043123045675
0,4.47086498729449,0,51610,55,35.51741606322735,27.232606357866143,66.31588137716332,28.58952651059469,-50940.86352401396,
7,2.1728598083025767,0,58411,1500,32.76487868939038,24.46807117543355,42.62057978982676,30.65887460564617,42854.170527029775,75.42831324154618
3,5.034781527108953,0,54180,712,36.99041381566711,30.003904148200466,63.01102035606451,26.73952259097044,47158.48070435683,87.49908058320774
40,2.0944413576026117,0,55073,1071,29.35798616019721,22.153801877797736,47.98251037263561,29.18934058350549,44615.76374638079,0.0
7,9.432555391832569,0,75960,1500,195.077456989265,148.86112678802772,87.89446205762415,33.06971408413271,60133.282936371164,78.89724158522706
4,11.629017275230044,0,50901,892,71.25943335726237,48.82899353770612,80.67918795902811,30.48615765299027,40558.6257765034,77.3708363223831
9,11.670819023333776,0,49482,1500,70.41120787841766,44.77010066044667,90.28918535658484,31.76923668944073,32887.032981909026,66.81734699672958
3,10.515782093129332,0,70428,10507,,58.55420818695316,87.35888957217679,31.907617246260493,62208.604302481785,85.97298758962522
5,7.60871364273581,0,52400,1264,44.13744864166984,34.61910992810514,52.435232441406654,30.4634311279732,39844.44494870306,76.02269693741812
4,8.709522669682679,0,52396,1000,193.3879121205399,32.25208356814667,372.0,34.172318887453535,41509.60597991188,0.0
6,4.137263829484555,0,52338,1469,27.80971018323536,24.79931085883672,702.0,24.75586918301118,37889.36808885005,73.85673152847923
9,7.938474621898827,1,57500,1500,90.80443143532575,77.69937144296557,108.788330021732,31.87054719289802,42334.32953677397,74.19517418244394
6,6.012145043838652,0,56545,1473,43.80024349690159,,64.98067406229123,28.466636387428142,41180.22258146352,73.84480350220414
3,6.302190737546257,0,50241,954,46.057063234019935,23.423841249768586,65.40839972028753,30.20753880902219,40096.91619346168,80.3195908877848
4,9.335542164126736,0,68778,1007,58.056464773845285,38.9270079765054,84.10953642257228,120.0,59637.60810374773,150.0
2,4.101101911569768,0,67821,499,27.59197324148778,24.6781153000088,63.11460066271826,31.382016996389133,64242.600702072334,96.25735883204392
3,4.498435728639719,0,49695,860,43.82148083135885,36.26157212842894,76.1976603207803,,40318.53545788906,150.0
3,11.171059702415004,0,56530,668,70.00001097027855,50.22710925041086,,30.315175055270068,49612.77394659189,86.41354371028572
2,1.6184672433606946,0,59318,493,39.136179250343616,148.84445474458335,67.75924209296524,28.89446438411094,54763.40523338339,
9,6.341977282546744,0,67331,1500,42.65897739743588,24.20700327497147,59.10779301682346,29.96000107317236,50622.79464990294,71.55000713518781
4,11.04080880448648,0,71355,12502,66.9705733895194,49.03273446334357,90.18595627708156,34.142722733142215,59649.71095415591,83.00711684347894
4,7.713993085999727,0,56324,970,49.08374485664877,37.76250437278149,63.536727778866826,29.994067833115285,45465.67064795552,80.66834171854455
6,7.010477816333453,1,73149,1500,79.17158628564383,85.69909375075123,411.0,33.00760526439101,57134.765435777,78.75884542031318
3,3.747185971522907,0,48218,780,41.61201939653667,26.635536378849963,54.49901004912783,,39645.91671822231,81.42582027252374
3,4.776030379708931,0,65141,796,165.65517292614783,158.6903157612118,677.0,32.75355161498317,57342.48099620595,89.13284962889621
8,10.372532573851622,0,47837,1500,59.33989370133512,41.85038603754301,80.25096041124827,27.898146979536428,32715.183872987305,69.38838475039144
40,7.15139944945304,0,59379,1236,56.77759762625112,42.5386532734806,92.06691783162027,31.993207065282206,45905.03109149537,76.59817025674762
3,6.6621641313245785,0,49239,666,51.72477708722853,39.72938671392251,74.05772281169993,-5.0,41782.27152486352,83.41840400578084
1,2.095376848940318,0,65812,310,27.883823377960702,23.76233681173196,48.51779896454238,28.48170555723249,61944.03149143397,94.22156198322833
5,1.1763097210063544,0,74669,1334,17.460344437829633,16.174089743731987,,26.420079510350742,61727.73115884759,82.8174684022109
0,11.60053707555754,0,54611,193,69.95313388465063,43.04272054921257,90.66285328276174,120.0,51909.46067044661,0.0
4,5.146847840155258,0,49150,1044,41.4195753669043,18.5409152355702,51.4385228626513,26.92751812202353,37989.42353321872,76.90401228007161
5,7.635343683094548,0,56109,1179,196.55934150963532,33.230128025399814,449.0,27.10680545056562,42899.3507242227,150.0
3,1.876865805060135,0,79214,762,30.947488945746343,21.52157488359688,,30.10191410013441,72705.77264727715,92.80181937657692
2,8.514257142953511,0,71016,524,54.59150733413926,35.76098409674989,80.74826931735852,29.469496348560806,67575.64974022486,96.19762724818465
6,11.25823379576557,0,56936,1474,61.557347114686415,41.25135040827609,84.29906330510713,32.007362602169856,42211.33869362282,74.2117038866745
1,7.332317782971616,0,56036,6364,45.15430419804368,30.26301522766977,304.0,,54684.47625837172,98.73636826075226
0,2.3872685461295164,0,59021,1300,20.746525866523253,16.832332104243754,27.12649389289488,27.692210299926625,45667.47106179937,77.57168785896202
3,7.398936802208244,0,60471,743,50.67794364292458,31.33979232989109,71.68843608391435,30.280915010480715,53026.28229622688,90.11317934081288
5,9.429819344151175,0,68244,1209,63.2294268886025,43.949287742178846,80.6003351655309,32.551064126439705,56593.01855858103,80.98285158257997
3,5.470581902314205,0,46502,676,42.621911694947485,29.55464372158708,63.48222562072504,28.67148149600076,38992.58604791771,84.15410289377087
3,10.678215227356146,0,79178,726,70.69562112524083,51.705732141702526,102.02829935520454,,71742.4389136519,120.0
3,8.13551248693101,0,48770,679,54.41616231440164,42.73893297893276,69.08645916442333,28.09166984763306,-41611.6924005525,
8,10.891738101181229,1,49001,1500,98.37415553220296,95.59833846502764,137.1549364968688,38.31764288479439,33351.19085763743,67.5923069823956
6,7.85855842372071,0,65946,1472,63.05209199011365,41.15250127139378,399.0,-5.0,51219.650291758895,76.11210756407868
2,2.4441676920530666,0,45598,548,33.24762631656972,15.273439979340834,60.10744572034078,30.02481847969219,39632.07557232338,-10.0
2,4.4066088221570805,0,75316,504,39.07454652030823,26.38446964927461,62.64111061008266,33.149636085317624,70043.28747134145,92.74439768798962
5,3.219744430777026,0,70567,1402,35.682074532271265,18.6229847393905,,31.74991395757735,-57742.79487008888,82.36948645941918
60,10.997091474885485,0,71508,1129,60.35438154695893,53.186374719899135,79.4675867107199,30.715538195397848,60415.084400132975,85.90427100891067
3,9.36440074016231,0,75276,768,57.70931060623435,36.90499534899192,88.40342850596075,32.16800407456197,-68001.47677035596,88.69299355080604
8,8.440382058010066,1,68671,1500,85.04089272002298,168.3006779449034,126.23805015435644,33.470808998466595,-54475.80100796398,80.2447916976931
3,4.310629515947839,1,61450,692,62.499317769644165,67.48578686544863,380.0,31.186884665200395,53509.24002703338,83.06124682624501
8,3.0244924925523486,0,59908,1500,22.393775918719104,17.038132456055383,479.0,29.04887685713616,44475.80746903902,73.13094009597754
3,9.32096196787803,0,76212,743,63.70752885221911,52.902151601790166,,28.6558215404551,68811.84298233374,91.5804531158045
1,6.215737404669876,1,51806,314,83.00742581977248,77.2952735133775,111.94831350377984,35.625431667609085,49069.05318187816,0.0
1,3.4836850736569205,0,63015,255,32.354376753287816,19.30853669781553,47.94049072374836,29.16980879231558,60620.82603642413,
4,7.782841759818026,0,62158,958,57.155119027260056,36.462084870477,327.0,32.93964515053943,51932.795413306914,82.76152184627874
3,1.4436723735229715,0,60456,770,22.00569209767704,18.40400724678865,47.02821779934391,28.398195000680957,51967.95890741988,86.22545739706992
6,4.587872795410789,0,72588,1486,35.73116992867025,24.252625965008946,45.84217265542157,30.012427731210398,57699.86577256184,77.8166555137296
40,6.154126940502481,0,67491,932,50.36661749760102,31.710676290707845,71.31524294681142,31.20050996816944,57409.259912221445,85.01367149249653
5,2.627541675203464,0,69188,1235,20.99675367197945,16.4629484324799,503.0,29.38640195455272,56512.31595101162,81.0310927477118
9,11.831199253499236,0,72079,1500,64.83898253776835,48.22428467679109,80.51583705165847,33.24469139851727,56217.528204205984,79.7312211784228
3,3.3000710104857567,0,49019,754,,18.08741990515852,58.80523834515382,27.17452127983817,40505.49232523843,
1,2.433884430475921,0,57419,269,31.437362043760047,25.604538999974466,52.49485089488933,27.79343875723757,54613.63029640419,95.1567228089047
40,3.23888361275586,0,78697,1500,31.63047359820974,22.49372597014807,34.570429292608544,32.3952775269609,63040.61283439309,-10.0
8,9.459672464756968,0,64396,1500,64.18105222001876,42.552235205288085,77.85404595486919,31.64286880805893,47990.25997167776,73.89406008519799
9,5.680562251990271,0,74892,1500,51.787426227239095,120.60441971959389,78.76876281289157,-5.0,-59567.56417745203,80.69250552788431
6,7.219575337277918,0,52973,1500,45.28117831363383,28.136471805430336,53.82514385222377,25.88352660590773,36732.36466832818,70.80809380017932
3,1.2311007268499683,1,66113,751,57.17635548006918,55.50790744724852,89.7358083768629,32.028882067726514,-60060.50763243948,
2,1.37874439430646,1,56136,630,49.91209990078916,59.562268527355066,71.74688543323224,29.69367710000381,50110.38672201326,89.70572492557368
9,5.9040810480971775,0,64203,7245,159.34325060989346,27.85362872091016,,,46640.08828128953,71.25342456340991
2,9.98320767521786,0,76285,517,65.3221402623473,52.388233821423,80.80686635488553,35.05083957699903,71815.54211291156,120.0
0,10.737627665783217,0,68039,1500,69.8768196073154,177.3498497809794,85.28183789525872,31.08432099177517,52383.668092741216,0.0
4,1.9537722435520424,0,46184,12361,23.71615051989401,14.90595050832245,38.27526723025229,29.703966962824715,37433.71822668055,80.50752361552748
60,6.921994123111251,1,67727,596,82.66154212086441,79.80796521365575,114.28052928908085,-20.0,60730.167255596345,120.0
4,11.045526549071976,0,61911,966,70.65384812941527,,106.93087268528726,32.96469118541696,51306.10676912206,83.76002822657615
1,5.267700298376751,0,45916,240,40.341843408121456,31.256382956934587,59.951964627057926,27.51270816153473,44112.04142459256,150.0
3,10.125224145712057,0,48574,736,63.54470004966136,,81.44362963546666,33.05395347886263,-43225.628747588846,89.58545360844938
9,2.470652198393798,0,62790,1500,28.54499332055724,17.602611029803583,41.34215281892239,23.618647211003,-46750.19894632829,75.78746336876496
40,11.289339386345786,0,62625,223,64.6634077944984,52.64260424094378,496.0,32.50940095069267,60925.06942675072,100.0
1,9.265656492844329,0,50206,260,,44.44092517407708,552.0,-5.0,47016.98837822871,92.09719778335948
7,11.354678320655918,0,64517,1500,69.93614125729869,46.613050753202266,75.19618914751018,32.25284865664795,48871.52013035272,77.50681727413017
0,8.442789569077572,0,61105,78,59.93832314383581,49.47847762232424,65.60370498291368,30.263822432207935,59985.13240221794,96.8485832096545
6,4.9974432519936975,0,47690,1458,50.701466878592775,36.15003168102433,478.0,27.96170577794019,33427.87418275498,
4,11.319992897771948,0,45690,1058,70.80333630944172,46.20080871792909,81.2416444776332,32.30242500809298,35969.62051871652,78.70766822743732
7,4.031234539400963,0,70103,1500,26.285016240326005,16.005436540954058,54.78630748126112,31.080704429569767,54751.57342680034,77.13256627348285
0,4.653897742679058,0,79263,0,34.3182511652338,27.533581283962764,47.51292356665973,27.842736256723292,-79263.0,120.0
6,8.708892598019144,0,56085,1457,61.83892223805688,39.95324493921781,580.0,32.91021730058459,41406.00391363857,73.73662640284002
0,9.41847929477925,0,70825,897,57.24098592915151,159.66001792925118,77.3792850699384,31.783446072266525,62708.72428874808,88.04050674360003
3,11.223438322340693,0,55720,776,64.58846532231124,43.45642779594395,91.17835785295536,33.19537292865803,47322.75937368572,83.93162124601433
6,3.2528264996183047,1,56720,1430,64.53247700616193,64.01468100667489,89.25302036281768,30.421172232493067,43412.74905210316,75.10977312634127
9,9.777978387411464,0,45897,1500,,43.65674246651107,486.0,34.93306827550265,28824.085691618748,
1,9.124006587366598,0,62094,295,53.257329223049,,74.17414655882114,150.0,59247.10953478371,93.61489190338156
0,1.7017401187895764,0,68572,43,168.26604525156787,,49.03018668324165,,-67272.56716668693,97.85349022667774
0,5.259454553312277,0,60150,0,47.52062365064886,34.29044630137199,84.81085128108312,31.00856827680859,60150.0,0.0
0,4.1104200276610845,0,61799,18,172.907049106897,25.808862029549967,315.0,31.429256565131816,61760.18805482189,100.0
4,4.349394667894334,0,54663,1068,30.760115760465776,19.820688703204905,678.0,28.134746628499173,44709.91711603761,82.14249221319206
9,11.81241567510171,0,72007,1500,,44.35571741561932,77.75390895634189,29.43680022612519,54119.970338764906,150.0
40,8.070551548279207,0,70671,1500,56.69534732070039,39.389086292796186,86.05022864014599,35.42770313832892,55778.08409629607,150.0
60,8.894437735728495,0,70385,181,57.99184870244883,40.31354906684452,95.78910593810627,27.91779743236536,68759.78459187786,96.00485785549046
9,11.7427940104651,0,56236,1500,74.62267953596087,55.75686632737255,98.52536170169296,38.86180762354955,38945.13659371629,66.89442896491111
7,5.149219607034025,0,67024,1500,43.91940775438982,31.53173904524113,49.2368642170235,30.342429535729195,-51950.41274877265,77.05976292444394
3,9.820241852980866,0,62376,789,59.319862177924215,42.42973423094381,653.0,29.949734591899787,52726.255619028685,84.2241613228759
2,5.779840596349449,0,63157,535,41.73847534881775,34.92407415897278,71.78184147392486,31.394699011596668,-57774.819727204966,90.29607903907448
9,10.564870389964778,0,64945,1500,63.3290593312949,51.8369472594747,74.76105829677866,-5.0,49574.99677860303,120.0
7,2.987232954424335,1,68017,1500,55.61998960721922,54.010107580261455,75.57278650203875,30.3809225636384,52407.90504028334,78.92896567437758
1,11.424547947707076,0,46756,337,74.94653570515753,46.146942544027794,82.95653150154035,35.70700830847564,42984.74834897602,93.1253369749957
2,3.4064887925196765,0,47576,368,,21.52932635003477,353.0,31.93505951418627,-43580.28318137182,92.91338380638082
2,4.588425576790247,0,70467,558,30.127419033397548,24.221707614956877,52.240986582340405,34.632932515911186,65082.24390183634,92.92610008962312
9,9.318114575174585,0,76205,12981,65.21609108545549,47.15520935976856,67.59180778070467,27.964462049863155,60422.0828341004,120.0
0,5.331306557219474,0,57674,0,39.90618241320637,32.150726500091984,573.0,29.254575191854133,57674.0,98.95947191620488
5,7.690325144430913,0,67353,1209,57.307452756294175,38.545761546637465,61.62876723043708,27.156276610768984,55790.62385374907,81.95292885753246
1,5.890308511763713,0,74849,6760,39.377852329087375,19.73766930164916,42.42332496096558,26.21092132027601,-72174.64193932945,98.610028809081
0,9.1660693079876,1,49535,0,86.20190644644985,74.8742075874028,365.0,33.09036927740943,48935.54511324941,100.0
1,3.5116437760547194,0,62118,331,33.81678037080694,173.82284329261145,54.81203393971924,28.7686057138641,57848.51525396648,150.0
5,1.6430378596056472,0,45632,1313,17.732888857179862,16.66003662225878,,29.50582543864113,32925.34657142915,72.15971921932265
3,4.299223372203729,1,58280,666,65.1217110073098,144.69334479270165,92.49146719606664,32.17800114150479,49475.01264250058,85.99040519233661
5,6.217395313552733,0,59746,1205,40.03660925596729,33.668256612409266,56.198034821824656,31.095791910766323,46193.83852390155,77.45723951751816
0,2.8482205741194644,0,64285,1500,27.284254205239076,20.95750799086577,48.68873274594261,29.53290870318184,47166.57235899524,73.62459073561114
9,4.902770186220275,0,63047,1500,39.35457977207688,,65.6798319914199,33.549452857100626,47118.69776067043,74.64612955346654
60,5.399813201229254,0,55207,1500,130.87089201020754,26.94545634505036,490.0,120.0,37515.16575599953,66.54688563816353
7,1.6313102805710091,0,50591,8377,21.3328150465233,21.297614839882304,40.96514740656736,25.919290632543117,35467.11014151704,69.54605384634186
0,7.41637973002625,1,72757,87,144.2808099902489,82.21208083696163,103.79557222966274,33.01266978901843,71235.41811346846,97.70818036654516
7,10.727777707684163,0,61226,1500,69.37788376598101,50.52781244369329,80.45202996075496,31.280140513911228,45608.81346119217,70.71240681487535
8,2.6691720424835768,0,74732,1500,27.899026893733865,16.603708816800243,50.52586471056745,29.921878664387226,58681.9171807669,78.6544155055994
0,7.575888147416654,0,72206,1303,192.78589126656482,41.28185655907098,70.46044519763556,150.0,59152.83805218575,85.40617944566303
9,8.31213125401931,0,65256,1500,61.90187501798909,43.4527171444116,94.53461172438196,33.127977295384795,48238.68025128092,73.27816081721963
4,5.612681484612172,1,78822,1054,74.99484346422382,73.69246025318915,96.42947850695003,33.87068209312809,67136.90132516704,85.22502271845175
5,8.71207346100697,0,54784,1333,53.37982298557487,37.6581136826126,76.94793595791606,28.887380896396017,41641.46618985184,74.74954081109833
5,5.518046978401133,0,64937,11827,45.83465427045813,29.02205613083511,65.10309383466982,29.289844178004746,52363.123313026255,78.99595799008385
8,6.551010167751784,0,56219,1500,52.1325190235223,37.77164726013309,69.45033967318749,26.7317831480673,40762.36602418575,72.04124998852612
3,1.0808834900986968,0,54399,807,19.996593654032598,16.785369803656426,36.90662491143837,28.836428656054867,46508.431040362055,86.43970083377754
1,8.608921255481576,0,78312,217,57.969169647034846,38.8119891123899,78.98831131784024,33.0020607178651,76282.08256379628,97.05727997800648
8,8.27476946839197,0,72657,1500,46.07949394504378,,68.5850628521966,27.848837628244738,56040.113390637096,76.56856658021492
1,1.42240965058979,0,65047,214,17.89484286966533,12.76038770627351,38.73300724715267,28.415536322110555,63194.5757561273,97.89556931623524
9,5.050751181346464,0,55559,1500,,34.79108490984556,67.48395447825747,30.19416062373963,39389.13492171481,71.1961929817899
8,11.769350248708342,0,65157,1500,69.93363525252902,135.41386836267378,86.13096507809495,35.26735695326237,48918.75780837335,75.36351674897865
1,5.628102188254784,0,51618,8015,42.341301330367045,30.54519478599456,47.54793228027795,27.015094341336862,48948.46755874753,96.61373326296682
7,6.521399456450259,0,51780,1500,158.74129584877804,32.06840524764818,62.69752862510605,31.85211712098463,36258.56358735482,71.62121474150806
40,11.009231739756904,0,72050,1500,123.32767650051755,48.55389725294995,84.84868732564308,34.07403977347479,56415.23384786322,-10.0
9,8.88988063452332,0,53015,14298,61.41811594833106,39.691262893113695,92.26644915475156,31.99141335254439,35279.93784313425,64.72783896125513
8,7.4027714423664595,0,48130,1500,54.11623052050821,35.230936887347326,75.15229182608736,31.597177208677664,30879.03308961848,65.44344203036667
9,9.775851494751798,1,73083,1500,133.48117147673474,83.36447701912215,392.0,36.45121657073858,55373.55355397664,77.51116184640235
8,10.508028931015703,0,61480,1500,68.07365518926129,46.71029417937385,87.90198078905703,29.83315232844078,45124.187013875104,70.94754659179803
40,6.025768789109936,0,56528,245,53.01169275215913,174.365846978627,61.67898416048632,29.080018024474462,54432.24598024209,96.26239658118116
3,6.22619201425019,0,50914,796,49.873403763674254,37.32797290263491,63.70987967840461,30.46926779582845,41249.20874185093,80.20251804848706
6,5.2465602921701935,0,56179,8922,41.69945764130641,129.21711321026106,58.97515641104592,-5.0,41254.20527590982,73.3969958740108
1,11.633767540203069,1,65472,264,93.51396599166011,170.1415552315615,124.3290794678928,34.146784665321825,63815.00024652027,99.1896149165638
0,8.668828797193854,0,57076,8,57.097361595420296,37.518148484384575,69.53947290137809,30.02584879025713,57076.0,97.90639674089678
2,1.9154537282887956,0,69783,10793,32.80909654468203,26.65735005646805,49.00262466488795,120.0,63279.88661134991,91.04843053074268
3,10.492555856443204,1,58824,6243,100.0,98.3399323741946,120.62705683749064,35.97612262318929,51068.85306399835,85.48137118311314
7,6.2861593491989485,0,49299,1500,48.73788836992705,34.620802657470286,66.75410305910151,34.70541798001421,33992.82501835417,70.71882458138678
5,1.7562929706473622,0,53118,1311,20.18481279276287,13.836128181910034,40.35348130992785,30.41476921217436,39855.89059901416,75.66414119230792
1,7.046889806796422,0,55756,181,50.49584394620936,34.22004709367695,70.83571628054084,30.37484438864161,53953.42177589574,96.5304038627946
8,5.588807068732723,0,52953,1500,46.81143951059124,28.51297891925786,56.77522340156794,28.96550533213781,35836.30777726016,66.59851388834268
1,10.655243453488874,0,60185,261,72.97891323559068,54.45425325053283,93.98068057957644,30.869265647756748,57637.79095846351,99.7545840252284
4,3.2439406397032613,0,59674,943,32.782804726745454,22.67251833189676,42.683746988315455,25.80465058780383,50512.87389635749,85.06787704126873
3,10.091110704414012,0,78927,754,69.7307519356583,48.2126870668648,84.19228433887079,32.41701399705511,70840.6590657845,87.62472647712221
40,7.13457560303998,1,45386,1500,80.3794151168857,79.01496433414066,110.14770832588545,35.0657049932772,-30009.33968434022,64.87129102056954
7,1.6007133353481595,0,71617,1500,22.48903336128747,18.86025555638936,40.85384997592158,29.76311038790553,55662.90014825615,78.3419497973186
4,11.690298314580332,0,52192,970,71.15691646404164,47.40646845016988,437.0,30.66525571452785,42051.77374743016,79.47626221907193
9,6.638767685135199,0,55745,1500,50.316522587517646,,55.10570705432891,33.26868596866017,38580.88429523591,68.29907489005248
4,4.199645396547408,0,75020,942,40.99992834390615,26.21452727879049,59.47437958979816,27.0410603299244,64867.49325255684,87.94582188019957
1,6.163475261881839,0,66159,200,49.35959566308662,43.005774175352414,75.75585533951573,28.11712973941132,64471.87244728449,120.0
7,10.43643561869238,1,48409,1500,91.09199568670134,89.67298092734492,122.20622218602972,33.13725458579773,31514.845072965232,64.24440007277902
1,4.353934368235699,0,70745,252,30.947300265314112,24.49127187588495,55.6439537710336,120.0,68375.39278771119,98.40677793752212
9,3.1194403613537034,0,74455,1500,36.11540122433084,161.39332393430422,51.31446879983475,150.0,58366.31649895241,77.32547622252717
5,2.419783716239696,0,74166,1277,27.98178265012069,18.55953172581202,51.976370740284416,,-60367.83954721102,83.93588321287592
7,4.276453382292324,0,73072,11958,37.46050766884492,27.67610466049708,,28.242296218951928,57510.75130110611,79.51054371629668
5,9.580528957440478,1,57109,1289,93.86821795565253,94.5442735018252,118.4774134034662,32.64311344979782,43563.76812603438,76.71706375869842
3,6.187890017147879,0,47484,737,54.697647593607215,157.19797748777003,76.65614922335432,33.24264979040764,40997.062343555306,85.7614824381178
3,3.50229764062894,1,79622,684,60.280064112365096,64.23134718452727,,32.66704070498177,72485.49571676385,90.12404200713094
40,2.8280349957072413,0,47597,1141,34.72334565691692,14.1104176936533,61.26916894183751,31.47093601392053,37147.49450583747,74.55612614891862
3,4.66002424161417,0,48983,651,39.468156329671686,147.90741594886677,69.04446599568145,30.428373759420555,43332.82191694656,
-3,11.339168101742798,0,62040,1500,63.69327561238872,134.56808998957652,76.98246051308914,31.70210337056718,46785.863333025096,75.3966734757516
60,4.773293838490268,0,75554,1500,34.74220779238825,22.37156578570534,48.68966274996347,26.028074115456302,61268.166105185934,78.35273710367305
0,11.869364835500988,0,72916,0,71.31167125902522,50.10571356827708,100.31274956425864,32.72933944288238,-71656.4165805484,99.50763141032456
3,6.337535013418918,0,71372,792,52.15321513942517,35.29884376188799,73.35366711864054,150.0,64692.333791663295,-10.0
3,2.97080310119166,0,74048,709,35.99050453992118,22.649513495144724,51.52587733737509,33.030853146817684,66661.54047275093,91.84683649506624
60,10.802541009728603,0,64669,229,70.7819743025347,47.039194386445175,70.07628772011292,33.19174582642546,62235.649551195376,95.21173207676829
5,6.063909104483096,0,54777,1193,42.705679124009,29.049782326173275,54.10430305055518,28.020496862991955,-42364.01629813827,79.19369008089761
2,8.80638477854977,0,65968,417,54.47701831249766,37.11507914486197,64.64352594577272,29.756370897343427,60471.95876678805,90.99507898949656
6,11.82082741530067,1,56292,1500,100.0,,123.86950012247635,34.588721789765394,41747.67721121187,74.08729023751306
4,1.551928853519714,0,58923,1015,16.336882223018282,11.217904284738166,40.35922817021726,32.5366513856996,47810.4268847166,
3,2.0636401576632384,0,72703,790,24.79874936707811,22.474628385967016,52.28658960780827,-5.0,64410.20122498291,88.53110214439486
0,8.925024156090318,0,63657,6364,173.35243093473682,41.81483120668072,95.7761871848858,,54035.61407232379,85.34211579126197
40,4.1000750362501925,0,48629,1500,32.90143924106269,24.01090022974557,59.19748036087213,30.029168781967662,33925.46124097032,66.87702451023075
2,3.0273153664510897,0,47114,553,23.77808568385988,16.928698419695838,32.32745730159597,24.512214709538625,41631.05873114496,88.153313276243
6,1.4329806780170244,0,79445,1500,13.337613263594228,8.799567891879176,40.64241254041953,28.104046383340265,62490.00695038717,78.5375671025938
5,1.24031383184822,0,70574,1224,33.221591273394594,20.431872190452637,64.01548850144995,27.959450911465183,57562.77018056294,78.58398513613041
0,9.5193416343177,1,77349,18,94.33984366886622,85.43905662949226,132.79389913223068,31.928179882517988,75955.2818788875,99.16184888714434
6,2.47876770106505,0,67257,1490,23.048460462318022,9.599892091224335,28.92611472853703,31.287237428426025,52738.98566590232,77.04709135117903
6,6.144926775682659,0,62973,13727,,32.172137116671514,432.0,29.85998729909255,47026.68615784719,76.09103207860045
0,7.664864966974314,0,70737,7754,50.00954574607333,36.558918695934906,75.97297679217124,29.534665010173253,70252.33157041183,99.44375787731956
8,5.711869806257309,0,57047,1500,34.24156882982251,21.15282420881004,41.85460913380149,24.95401019067485,42447.26936757828,73.5461172260315
5,1.2981731756985642,0,67113,1145,25.431453045761756,25.564781300506883,34.24194260635729,27.29712347956118,55962.42083146329,84.89240430814412
1,9.618516528466998,0,45694,13313,63.26164675430903,43.80137524102236,82.36932116726157,31.29119238948373,42118.33044156926,94.66755096683067
-3,1.1156454699581884,0,60588,955,24.10314624338064,17.048493663540008,37.58140316094476,29.536615640001745,51608.038730418215,85.23640724345792
3,9.380788838152323,0,65067,780,61.93669662489084,48.69881429562421,68.45981658662969,28.5691169125089,56752.7347558312,89.28432301353696
6,10.82634943166935,0,51704,1500,69.7879733373395,57.42007521561053,100.41898515222933,-5.0,37362.03997966078,71.99722116489849
7,5.761239131628895,0,46971,1500,32.63208374794825,18.34910096784707,50.06830199763635,27.156281091921382,31141.134418640755,67.74212326370069
0,6.89096720407578,0,56441,1,53.99407478041554,165.35507487750826,65.9745074073084,,55664.97801185217,98.07385818874614
4,6.246817318794191,0,76476,1010,40.792537832154615,28.14406780653664,,25.081058790006093,65553.22516800372,88.45621981216668
2,5.2812948048578265,1,59677,522,67.2460561397168,64.10074853922727,93.7945371401906,30.89516122196644,54731.10244927645,93.32818247586296
0,10.761669889073962,0,72818,9413,66.16898792284974,49.70274163139683,88.67610116081248,33.35352051878774,72818.0,100.0
2,10.833268617369896,0,46868,539,127.75616988791901,37.79911631310077,76.8307746738112,28.69557266125399,41853.92035435155,85.50089234271478
5,4.69398001105688,0,63055,1227,160.9942841101325,29.95639491536389,,30.531904703368287,-50392.88746405633,80.59216471954483
6,7.765767294161677,0,46728,1500,50.56791591212475,37.89213013571721,73.10163112902974,32.59485395357891,30290.124985437425,62.969816322484704
-3,11.195983183604506,0,52632,1500,69.09074857335916,53.01969674608735,93.51989359183516,34.39563833502453,-36620.51936201697,70.10830967171248
3,11.582643488354869,0,57043,834,64.40731985557244,41.69110816618729,,31.13037079344861,47869.37329740773,85.83429884590682
2,6.598549444642523,0,51403,520,137.37123232301374,35.3079264850352,77.54962128272044,31.01516930752923,47337.85547460413,93.1251155400179
4,5.981072858127595,0,60732,1024,46.89564718161584,,59.53149677456412,30.401738332347787,50221.21291403112,83.98123352018828
8,4.065637475213784,0,63526,1500,31.00798639927374,24.57196323749394,313.0,32.537769859790586,47766.304087887474,74.63220377968662
5,11.54759060509451,0,54340,1223,69.8302209640368,47.73371963101373,86.82351786937409,34.40443564927006,41781.07489647247,74.60134865063819
8,2.570957349201541,1,67394,1500,62.0455283898732,62.85374001549959,84.68483126554126,28.45031595728112,51737.74839772624,75.61190128295972
5,7.378125336524975,0,78021,1265,50.60325152702378,,64.65680513238668,150.0,65975.53921835069,
1,4.108052942705028,0,49102,242,,19.850533799346408,55.5220973076168,27.33388853823068,48528.76377834917,98.81146941011109
4,4.069091193825763,0,64159,938,34.92749661870444,20.58788547498623,53.14837950803878,,54290.25961070534,86.52199898040536
8,5.454654461138073,0,51212,1500,36.83405714673256,21.250970189666145,57.88645799493306,,36046.48450776736,71.4826599537519
7,11.9867222939722,0,76824,1500,71.39424559924865,53.99769398192774,,32.46783855605185,61546.33363623572,83.4430076442623
6,1.6046293752380427,0,56525,1426,22.770026381077265,15.117400746420795,37.01289967439022,31.37692907306343,41654.50106951632,72.19024250618133
0,7.363960000238846,1,73760,4,140.10461497137254,85.57241109152858,116.06210662983273,36.52673049498017,73322.60478501438,100.0
3,1.908293738388049,0,72457,737,34.65809241309066,26.644603896041108,369.0,31.93811866197701,65437.721943991615,91.62552558543037
6,2.699729129895709,0,55532,1485,35.311723756390066,25.96624867989991,62.306622417434696,28.550621714954865,40414.71821363738,72.60250714831001
6,5.835192359501885,0,58518,1500,43.81668060349744,27.830789460827734,57.14575974314785,24.02882246232211,43601.94829889072,73.06886964597837
5,6.615061444810855,0,51476,1238,59.36205623001516,36.71032026501859,,30.157354435604983,39603.71647151751,76.01305537508858
7,3.846716492009764,0,64743,1500,37.024929181890265,24.0898155524146,72.62566209452172,27.930155280504128,51239.241895335465,78.14718595960608
5,4.481028439618578,1,46004,1331,62.506699501524224,69.88235928076116,102.72612953515971,29.32999150355429,32881.98754534871,74.04236789640584
9,1.956637222815264,1,48271,1500,55.2559353756906,62.23498221445208,75.98922745107703,33.3364838500327,30868.461254331996,65.19062878838648
2,4.335417622286756,0,45209,11448,33.39250487705439,21.173097465279152,,27.843331415963483,40559.391441971406,91.01378766399024
3,11.632142833185984,0,70463,9052,,45.06258825105317,88.194159152954,30.44240793266573,62135.776530472685,88.31364369347423
2,11.3917811983973,0,50539,537,66.08778710469544,42.545093050924855,72.12012808560056,30.038082620215583,46757.88642754295,92.17523021398284
0,4.683661191506835,0,64977,61,37.68213506666197,20.189152096526584,51.82341120194362,32.43886185423317,64091.30963426206,99.14292081397318
9,7.279393299066378,0,53606,1500,55.16799644839893,39.02399756709736,65.03117216285032,29.879265251611702,37120.71765371168,69.40101672332736
4,11.005549302220388,0,79052,1101,75.36876279008145,59.65844359192259,75.90966527385595,32.97595239436766,68742.33112775936,86.8143260564284
0,1.0680220490498633,0,48148,0,14.116520661792412,,35.718187832578565,,48148.0,100.0
0,9.917519273713513,0,78536,0,63.07130295646211,46.58152790863789,77.08482469213865,28.005862212644036,78536.0,98.40117498825636
1,11.43206508067811,0,50607,269,74.59327880206583,49.80460539964957,80.8510508985074,29.0884119555608,48488.9868875458,96.21529660627468
3,2.004583077669128,1,64586,668,55.782208367103685,127.84359099403648,80.01744739724157,31.3938226590426,59616.35739396808,92.13918729795428
5,2.775924546362132,0,74250,1134,32.35235456704513,26.834896939502435,,150.0,63037.593999769146,83.82719210965185
7,11.56820933048491,0,63594,1500,70.66757812852026,,88.35883233995277,33.15412644968698,49133.28285124354,150.0
2,6.912941580043809,0,52399,534,55.92928407574486,37.88558615977931,72.62354849422567,31.89613351093806,-46751.59922323257,91.91508595423012
0,1.1561629791889607,0,70117,102,20.759604786899608,12.598554941580634,44.18495676869486,-20.0,70117.0,100.0
2,3.8339519863988207,0,78126,546,,28.97261273792347,44.43590084835216,27.01656805876138,72479.84315792035,92.34908934296809
2,5.949380416957456,0,78617,11086,42.84303351175177,26.68363738683765,76.1630328473365,34.74748007922756,-73885.82669706627,94.97859336759764
4,8.621998021272445,0,52498,1021,58.401944824054766,41.8382900444385,90.00672971998715,36.03805342503226,43043.53498633148,82.73686265491457
3,9.064764159504795,0,54628,681,52.3436915403816,31.761297091223742,61.101145324514405,28.84702028299405,-47733.33556685655,87.5576394758015
3,11.949636642180018,0,45329,799,70.56440686069024,165.5264137352363,103.17112053586908,31.66585107823552,38633.536941121776,150.0
60,4.162623193221349,0,52032,1500,34.775797523442144,21.59486872397632,58.51948977799365,26.11193987812617,36022.40928577541,69.7468993004688
6,6.920421120553228,0,65622,1500,50.102413319101295,37.66528514846877,65.37868955940466,30.57207341906605,51716.70863873224,-10.0
3,6.866559026455655,0,73584,837,62.738802888186136,39.12507543639048,72.35099540445681,31.692953709738436,65690.43948729982,89.65869757123639
2,5.462097853919612,0,49722,492,40.400989305467,27.627679877429365,53.804636841365785,-20.0,44484.22682957841,87.56475263568527
5,2.860780832266622,0,62772,1282,22.420703001329485,19.23296632798432,65.67985598054483,30.819917611538752,50272.21440394417,78.51756481161932
2,11.752022195022269,0,65569,489,82.27253457238596,61.9945957231662,111.24177403630593,31.123714901315065,60684.28290390979,92.29347708361402
5,10.386489053332449,0,48235,1392,72.32663402180438,53.681796867674734,88.61469569585971,34.024523206085185,34244.986707078206,69.12581124253693
8,6.481663311236609,1,49576,1500,71.62575553915374,69.58505156011537,96.8365999033117,31.684972264174643,33762.38865608883,67.90350810034597
5,7.635699649524328,0,71707,1182,55.50480859701818,36.18956203349062,78.17725186040671,31.831699455936675,60073.94936413942,87.11478249098037
3,3.4998715891562853,0,78868,861,36.67539006242901,21.36206456962375,59.1154203101304,30.149547718930343,68516.37207454452,86.10759384620096
4,6.981657774309216,0,75285,956,50.72741443904466,,63.54363147357619,26.162606867149407,66038.09086834844,86.08653644558373
5,8.644671464336234,0,69154,1250,122.56876643856467,42.31021180652377,79.44689513922604,33.02381654368362,-57246.883837353394,82.47037150408609
2,6.666837312252476,0,65054,528,45.17290571996679,32.77399091233101,59.07039066139875,28.156744586780626,60991.31659391752,93.59898291958328
7,11.893136876434356,0,62165,1500,76.98463104328381,58.5507211453631,96.68373744918048,33.13970834913903,45676.19950190328,71.99250811554822
3,7.724758218724988,0,59439,779,51.16701969571896,38.163838921223416,69.39802621291628,27.73208132786665,50892.99682729037,83.7646813753527
7,5.080710838513859,0,67515,1500,27.17658346409916,18.51393941247888,53.70407556264907,28.337571669529105,52182.41853144067,79.32448770304156
9,9.49367230377422,0,71962,1500,63.44969137920165,47.392397758963206,565.0,32.096081600774475,54891.65924113394,77.02981985458413
9,2.8750876273980626,0,64464,1500,20.995691564252,12.206798700929518,39.647354165502975,26.013182758584755,47012.19300415671,72.2037146485997
2,5.229673950768932,0,75413,564,46.2158405711333,162.25705619275652,45.7780309165493,26.613190186173327,69570.27549169726,90.51925729665894
9,4.816548454153445,0,78270,1500,33.42864155359106,29.04741805558514,57.17011739317347,29.82374561997485,61482.1439170377,77.77519041368832
6,5.74987804618555,0,65269,1460,122.67343957640476,145.25060330320008,42.60356995073476,28.07325668648396,49776.48030016436,74.42453266107064
8,9.59957808521599,0,76541,1500,54.15143462179839,36.68884438438946,58.69820272653279,-20.0,-59723.14362545569,77.15842658964944
3,6.325903353797482,0,53009,770,46.42213347754448,31.63115973377638,72.70177377410077,30.08052725869888,45251.9449705524,88.46689405342903
7,9.73415895292559,0,62007,1500,64.6033338258283,42.813512239209366,79.83460147537387,-20.0,45348.09792600832,73.4921182027322
2,7.341377934538524,1,71462,432,74.64370559114063,76.65592935983284,,-20.0,65834.225696786,91.19777733876349
6,4.762763781233109,0,56542,1460,33.45187763245414,24.914139116885742,789.0,29.894865782824425,41919.20708131637,150.0
40,9.909766180518195,0,62434,392,136.96222804017833,43.9407929250215,80.71550235188782,29.643676619611576,59502.51453887038,93.90960014480711
6,3.6211863760840073,0,74765,10803,37.9670706702732,21.474273945051458,,28.08164788902958,60367.43306790313,80.13446799095995
9,3.4682127777977505,0,68769,1500,26.29065298529932,19.618648351152537,41.5884704546692,29.78841944849999,53247.09491242038,74.64766416553307
9,6.549532164603193,1,67465,1500,120.24973210851277,65.94803728461169,73.837773565008,29.878260682218887,49520.951787891936,75.31353711274316
5,3.869341705582978,0,66868,1226,25.653255383019168,130.41364080436912,40.42078741905917,25.89120231958082,53433.11938800579,79.60576175040761
1,1.0999573844633797,0,65156,212,22.07923060583957,20.82818320350929,52.22989648303975,32.63862346538555,62968.52014667178,95.41455715299054
2,8.131272800286816,0,65300,10287,59.4353244067138,,666.0,31.954679788489734,61192.97762849831,94.68476849007986
5,6.622032036196378,0,58435,1246,50.73119323459442,40.33714447912021,65.74736047292797,31.2026929922102,46477.43509799736,77.9653989534286
3,5.900695959424773,0,49114,7613,49.47546870056235,29.71611780144263,79.61001299841075,26.84464044611711,40258.667891535566,80.48943945177015
5,11.63665366080147,0,53095,1329,77.82198030665157,62.6295517958114,85.07187540391146,34.4693671913954,40871.56561998117,150.0
0,7.28319102359205,0,48951,60,60.65061419771085,46.84457169256432,73.33240221587221,36.1590540237988,48405.92103047105,96.51067661208631
9,10.497747355683227,0,66468,1500,68.03182887371159,49.52614366031101,92.714138144111,34.90149595891602,50590.182185890015,75.13191428821075
0,2.5339525982567617,0,72073,40,36.91921991976902,23.449876124277257,59.7489116540262,32.54931833832766,71268.93795397614,
2,7.261271094423704,0,79341,508,46.585860021685605,29.55201360120172,62.6505701856494,29.19450585264047,73042.00985014389,91.89905160410672
7,10.547775894039932,0,47768,1500,66.7121707515923,46.41488981253308,74.28174086057942,31.446185298170423,32944.676123781224,66.9811359099592
7,7.414163330078878,0,78979,1500,51.49580078519406,40.8581734669381,62.35218301580405,30.964328946304114,63854.71750864026,150.0
3,8.898155959397016,0,70351,782,54.27685750103427,32.73171692723728,63.12650335417342,28.654900190030904,61598.50052033095,88.4298139616125
0,5.092479245934281,0,60445,1190,28.65910189360081,20.103013365287357,38.62023692424373,27.84150009695493,47890.46182624676,
7,2.0169446874077326,0,46160,1500,29.431215246096915,,50.47372023184686,27.035911447662663,31208.86970089136,66.86391281909306
6,6.036903246397785,0,67361,1498,40.53484546247563,32.09178709280315,486.0,28.97928050052135,-52541.82848648512,77.71710995786776
6,5.3392732992274325,1,52041,1456,69.69222145972243,71.7095010260525,88.37918874163636,,37794.35373704811,72.25245841445732
3,10.53766200616842,0,63767,686,75.61123635469558,144.3093724251699,86.15642454655242,-20.0,56359.51728863407,86.29597358464027
8,3.6839483258771946,0,55846,1500,36.280167006750034,29.92322844280883,35.534222574989535,29.748945021317468,40984.50153208127,72.57819019635188
-3,11.634076502886188,0,64924,1500,81.87143978810607,57.57878247605704,100.62601894549276,29.895360301253096,48335.07963986849,75.64305115102601
5,11.539519317849456,0,58882,1245,143.47117404663828,46.967795607918255,93.19785369884087,32.56074083031408,44528.033829569984,76.84066094471923
2,3.7239480737858255,0,59738,12681,36.39720400541768,25.381369974430825,47.23452648001005,29.065632392411533,54239.55115191074,91.41356470846532
4,4.8285715102505256,0,66019,1031,37.939499763751385,18.72298926137681,654.0,29.812367377739157,56254.95418173564,81.2184252429268
4,10.851113149612734,0,46095,971,65.01208425418106,47.82165106996781,581.0,31.437414413666684,36564.66136520126,78.15230276176905
4,11.632844429857183,0,59123,928,75.92318691996248,52.63539297782153,92.72173775424484,30.328350058150413,49357.69111635724,84.18445427699987
7,5.877830131196484,0,73132,1500,42.20964460682997,24.46628859979765,63.74387791265026,30.468529125615746,56069.02506275115,79.23683957395808
8,4.530967502049876,1,46079,1500,70.877447341468,68.45390671365737,90.53998440120051,36.588209930445146,29559.02175838884,63.3326296579084
0,6.787034145766962,0,74657,1500,192.65516765572022,29.42811707105169,57.07929522068418,29.53752530031878,58212.559089292045,0.0
5,8.565461270023082,0,77375,1252,56.95039008668782,169.86217879636115,71.05011507680443,,64331.64719944431,82.97295052382496
5,4.008219669124777,0,69754,1314,,15.151148409145367,39.78540869968241,150.0,-57231.57092352607,80.0879373479782
8,9.1012049208098,0,76153,1500,65.89084972927729,39.43494113035543,77.31214796951295,,59886.26156527935,79.16728867377472
3,1.5682309282610514,0,63344,730,20.71941143517657,13.584792039195277,30.825857614618467,26.928826039862344,57109.34008445528,87.87543635372754
5,1.5422394204085808,0,79241,13769,28.64614770000599,18.445301009958747,,,66352.55220424446,83.60726509156777
3,5.249164756600997,0,49979,762,36.721565081001984,29.601008203956297,49.35099550913614,31.602943875392214,43355.70735050688,86.88142347036465
0,4.888205112667927,0,46212,0,40.79031352168767,26.02608755049945,59.51037385754248,30.795393341579874,46212.0,100.0
6,4.471965369038675,0,54001,1461,33.92182370724943,21.637351316469523,62.82469978536872,29.788937255168157,39524.04951626392,71.24371815605735
9,6.40121738935801,0,58248,10477,168.51278213950403,34.88841157728545,72.42088883709064,30.571953949724776,41201.70808626738,69.67143476024167
5,4.528069405427283,0,78187,1265,33.54702954945881,22.694801781424783,52.882707066474616,29.576974228387,64486.4929932328,83.51036108977107
60,3.114837103149011,0,60608,1500,26.99052179663422,19.25922152573982,34.914803774989686,150.0,-44549.33859663194,120.0
6,4.40416503997461,0,76368,1500,30.73931303239685,19.892208679352755,59.501968421659335,32.32478738670974,-62717.47734820173,81.07162604726564
6,11.723947000912585,0,50283,1404,74.13493807699304,54.179342603733424,100.49645992421496,32.21589221986865,35684.042334873055,69.3597151664418
0,5.522247586943335,0,70854,231,45.56648145896342,41.09742091578876,66.63783719709816,28.342184644151374,68012.10367810604,97.19329669451656
0,5.891840545441694,0,55715,1500,46.87484864566245,29.51061847258677,59.80728237655385,28.67236721483804,39577.464136354334,120.0
9,7.34199488946254,0,61165,1500,50.98878464762742,37.25946929403037,62.71116419811059,28.26570871449467,46079.55035523425,-10.0
8,11.816748452556492,0,79108,1500,70.78103660509588,49.664830608692405,101.6160528171303,30.07726931707068,63737.54957258207,80.28731923210472
5,3.657614040793393,0,71797,1292,31.894670615427486,26.51440756058625,58.665722740879545,32.51445665128993,59932.41034096626,82.26564989001726
2,8.494103215856772,0,55584,551,189.5924747112257,40.19950753684868,67.7932125163085,32.1326292515698,48591.7286441983,87.87242185152905
0,8.875831628958966,0,59780,0,60.64221028190483,39.543742435831945,84.95135459083545,27.229074481129327,59120.29556064888,100.0
3,7.680568584723725,0,66573,755,54.32210697598475,33.36525989378263,79.9890835337425,31.835020418619564,58401.05265817456,86.10357309614523
40,1.9743617360030847,0,78359,316,33.570404052937164,25.9412412534248,52.94315925914099,-20.0,75739.870015789,96.89328628999208
0,8.445595034103341,0,45526,0,57.42615549592412,35.86310086606601,69.6324649012237,29.57878053268964,45526.0,100.0
2,1.70504182139793,0,52855,9770,25.3292139493157,22.465411709193397,38.48556660148888,23.10580238287673,48171.71269808751,87.92258297376537
3,7.557569145048866,0,79060,717,53.14512475727064,,77.25368216863897,150.0,70323.5296005539,90.19849406680376
7,9.135392949439169,0,74482,1500,59.04329694736919,41.67714446373884,72.84794449167838,30.981696741755123,59870.270403330265,83.53062162608583
8,3.3206687968194544,1,61571,13758,63.373716489167,174.7703314916385,83.83312902729244,29.35285922885799,-46098.46111170991,75.07746610920599
2,10.257842082970514,0,76740,478,138.19586032518396,47.63142778402828,82.23502628194497,34.82429441053643,71176.72492237265,
5,1.333891860863047,0,64142,1222,21.37837304787848,21.431925432769766,36.99892745933286,29.54261245833337,51708.45981881666,78.73376104176455
9,10.281941500241366,0,70104,1500,72.20605019359536,146.15042213236356,,30.86516301841337,52889.131057830265,74.36566721618085
4,6.063619557070416,0,53625,910,129.8015314029675,27.056281101413852,67.00621525782525,-5.0,-44267.7130283121,120.0
5,3.3934673392480894,0,60926,1319,33.90405637500579,23.364736293191147,52.63726072314637,-20.0,48233.48439356908,77.88680485119286
3,2.471559594933648,0,76218,736,14.951052462236923,12.333505811293367,28.327411489895702,29.376409560621497,69953.37565452071,91.8377966458915
9,11.486378843406095,0,71380,1500,71.50517466374608,47.928745412623336,80.48941104568019,28.5533577949819,54128.46451730483,77.33647774477824
5,1.7993214633927237,0,65566,1181,21.53601366850604,18.672002151914256,35.52673970368291,,53242.6270014382,79.88003176208429
6,3.1900276192951824,0,78205,1500,31.551440267987463,29.72888008467268,706.0,26.08343803603815,62322.65662297541,81.26267557722412
8,4.826045821763506,0,74717,1500,158.12993284069032,27.88531519308219,438.0,28.068740864348506,59330.25072105077,76.5216880584673
9,7.822583338572326,0,70135,1500,54.820505568233536,37.07440948569017,66.29000600153168,26.43987131941817,52374.53479380448,
6,6.992811938037082,0,73164,1463,48.070728260045655,35.40952488142761,60.95079009125209,27.40715164104839,58601.61108992885,79.80083907748899
40,2.382078416535454,0,53953,1201,28.84206557825649,24.89864415678397,43.24306620375848,,40864.36960835865,74.35024403006271
0,4.1870078211203605,0,48574,75,27.361829098167355,19.79182688292521,54.34163962698487,26.61662970703816,48010.64954792101,98.0080020565586
1,3.626269481946265,0,65169,257,33.68840889013347,25.522266347506235,46.90558250589113,29.129675912898545,63537.72938075539,
0,3.348971399393755,0,66604,94,27.0594607478859,,57.26837596798911,26.049090582382878,65442.98978870025,100.0
8,5.522587701279858,0,69134,1500,48.452271222769625,30.414806432522344,61.97721564004415,30.555797965488637,53310.69603263951,78.19217571984674
9,8.744345978508225,0,68202,1500,,39.60544733983735,62.21547334453564,31.989019931101144,50987.467031469474,76.32130805387902
9,3.391982254389595,0,45684,1500,36.93601469204821,,56.15945876912326,120.0,29094.055343652257,0.0
8,5.033467676732796,0,53007,1500,40.10967517769032,25.44304807199482,63.88553866227228,29.94094813039256,35760.68032546447,65.62981075896141
6,5.300091695252785,0,54255,1500,32.35664436048746,27.2323006574864,46.16587051868049,28.02198167291968,39821.17272543768,120.0
1,11.741021823789511,0,77262,196,69.32377237304193,52.01078160237241,88.10557834072148,31.2254177770382,74861.62875953579,95.90467922864778
5,11.501329925669758,0,63093,1198,140.28008128846184,137.63536373829027,94.91571469627782,27.482273052349623,50841.936761242665,79.66825930628976
3,9.801513410272834,0,50782,728,67.96261117561211,54.3970015567114,88.74113830150779,,43513.36320258825,86.4787963536963
0,3.658248129011037,0,46234,11105,,13.515380425381808,39.16922809141895,31.056390484467947,-43956.60460369277,95.55896460378956
0,1.7484104550083666,0,79188,0,31.55633090325476,21.269080860450597,56.62130188751468,30.177391597824425,78634.21402657953,99.03717642890778
4,4.485945514926872,0,76996,968,174.3854500175976,27.21525173495917,53.98283491601396,,67360.19259300266,120.0
1,3.9347400437721394,0,74204,293,39.0979284898655,16.13556104002973,46.68109862505027,24.693019333123875,71232.06421589156,150.0
3,6.565183801610333,0,62152,790,41.76671226033591,28.606048284330747,45.242388247782245,29.805728012960373,56073.87638863464,88.28281580693215
0,9.555007010745724,0,70019,33,,,61.17546584687023,28.07073099312827,70019.0,100.0
3,10.441552327667438,0,64488,754,69.28728298962646,44.09414984127807,85.34667567862473,29.35279721009069,57067.67601981999,85.32653968812426
5,10.293504939515593,0,64689,1186,64.90170743259982,44.34227566534044,80.49576299522208,29.16521375881313,51883.00069461778,79.35490164752238
9,4.956431173453746,0,73506,1500,25.17820064491496,10.322106970236348,47.36753402502418,150.0,56610.05246758538,79.28007283707512
3,8.559577778067512,0,62715,817,56.843977205373285,,659.0,31.372327331865648,55205.50791415305,88.4772660500712
0,4.44117617276642,0,58765,46,27.38239014170439,11.95854367517217,40.44787721408207,,58458.296908014,98.7781228809184
6,1.66996097558701,0,66942,1419,17.996342169982427,13.092587706100913,44.93329832632074,30.84610634236475,53610.88334558872,81.45855214280354
1,8.717217921632365,0,65478,302,51.57175064443427,36.51761437830872,64.70708867247278,28.69763154068464,62616.96272217921,96.52319266508452
8,1.1081030782676664,0,67551,1500,151.31837842672127,16.948112987890514,,28.35436260673968,51643.66731276368,77.28329575285179
2,5.501008462043374,0,73072,503,49.73681783493598,38.801553139895184,67.81498785490015,29.819166510048326,-69347.36973072994,94.60075537740302
60,4.623171962322833,0,47892,1500,39.82367947036821,26.691925288881485,641.0,27.866217928229734,31514.748748213577,67.24370264978143
7,8.627152923707378,0,78966,1500,56.98542110867592,39.797472753124026,63.862100186197694,27.67312973783182,64853.08603473464,81.16200766746296
-3,9.428700200364167,0,69395,7879,62.28519489923882,,77.832034897273,30.898218992687944,65346.70625043771,93.12952730262896
3,4.345040995684123,0,63756,889,168.3952650558204,20.456037457082463,50.09042560200276,28.893102746138883,57732.37616246823,93.3634869917006
1,9.927897158893389,0,67174,323,54.7223443279034,37.72428217895868,69.30342790624717,30.43450787810711,63528.85410346367,93.8237017082548
3,4.233084365554271,0,79651,781,,20.44914562134936,45.96425966532024,28.570510413753755,73206.52301608819,88.86134035591847
8,5.909589959852173,0,45797,1500,49.56816181322068,41.5373479948853,71.08608255373053,29.054898018923325,29904.097500532636,66.89080929821267
1,8.997203797155473,0,53209,9873,66.04737387626703,48.9029458093198,94.8552372528957,36.83129512432269,50328.53263951801,95.71280920997162
2,8.622122521472674,0,66346,406,61.05921910743017,41.08896889729591,92.39601884916507,32.85528811817165,62341.921789440894,
0,11.8610531954342,0,73024,874,69.08040814791202,48.92293780249551,91.16228577202024,31.14192852468855,64632.17179688964,85.36652304300266
4,3.4767712663752506,0,74414,10108,37.33160123724344,164.65025983096913,49.44599336927409,29.760312342365083,63254.86723896798,84.92116060957888
0,8.285497048935406,0,50947,87,186.41417943996697,46.331274198709366,79.70941187547406,29.674304066483064,50145.6897062783,100.0
6,7.706500991033551,0,54617,1500,57.12375629268871,46.662252742205226,79.69019719149539,31.42868796935841,39862.68534773804,73.2896953642694
9,11.066082999390328,0,65704,1500,57.86036678104846,37.34467106985305,70.13316950487425,31.412045116346366,-48863.87550753462,75.52374896347607
6,2.7199835580936256,0,73702,1459,29.22289183504801,24.35616111234861,47.495215847713,29.90149056741451,59462.353189842026,81.91964764153283
8,9.269779799456265,0,46892,1500,64.27509931874039,43.30108018178185,347.0,28.85707357039797,30655.3260681081,120.0
40,7.2509547789564515,0,74754,719,48.67668724317094,34.848147049287604,72.80778323938338,-20.0,67868.67623880305,
40,4.02132456766696,0,48424,1238,36.04000745882275,22.997297242083235,57.36410665956232,31.95273234296205,36290.17290578467,76.56271600468581
1,6.218784055618915,0,58418,282,43.52662447131371,29.90060443786469,56.18495153781851,33.55980608106779,56023.0658925692,95.779273520267
3,4.671542567767776,0,74886,6295,195.73663320271106,24.681070342699424,57.5130560520574,29.088812482966,-66627.02892623344,87.2974635535948
1,7.37244743067307,0,79783,312,59.41519123963254,43.96364812485401,91.42582968088028,-20.0,77664.66624697755,97.98945221625506
9,10.779006718961323,0,68057,1500,69.97037694606794,49.22469242775686,74.49098490681834,31.03219758658264,-50864.16912414961,74.44742293113805
4,7.262354828534222,0,49833,909,45.78187591183763,155.57930932695058,55.021846002979785,28.30762912506385,40412.317283887845,82.1706730772162
6,7.948946601592424,0,54894,1459,47.86173285026804,,61.20790703358425,31.411850400739564,-39705.32766370236,71.03660076168458
0,6.706226318261804,0,45565,78,191.47672433336928,36.83995779450041,65.59504472434391,120.0,44998.07877600889,98.30487851632412
9,1.562820570900235,0,63402,1500,18.536235980712988,12.635878000621576,22.848679226167327,28.22439621190444,46813.10130119441,73.85210955785519
9,3.5614441256370366,0,55315,11733,33.539872018291874,29.471837773311165,65.74854030263175,29.263700614965348,39335.954485237744,69.70382416832756
6,6.412019023752911,0,57834,1500,49.48787872970868,34.16072813372825,67.1474254033546,31.16984958238853,-42869.10642960876,74.18419221690552
0,4.412588121191753,0,47314,1500,39.48537485512852,21.351836715391517,56.752210448446654,32.463441051138204,30500.65185747147,65.64461108562257
5,2.999399575373136,0,48883,1400,26.246437941091724,16.640687174505167,45.52673739377719,28.37611186450742,33745.0734400906,71.89753671840194
5,6.545461261102822,1,55051,1172,82.33045987843168,75.39758717323423,102.96480949799702,34.79763232885422,43882.45877263972,78.60940884771381
7,4.5509077279263535,0,56695,11344,43.89376021531403,29.80749990138053,66.82924212441128,,41609.02894175658,74.74974160542158
7,3.839184074907562,0,68123,1500,178.3685319388274,18.285998707999724,48.92250163241312,26.551132169128916,53363.09934809744,75.3664299975692
5,6.103839591844189,1,52902,1394,70.35884397361083,69.21590491391497,80.14593935812461,-20.0,39101.68516265225,73.90212526947617
2,2.4661268389039046,0,62573,498,126.74164473446125,18.16939337439242,44.918615666018255,30.08890755537562,57874.54633777057,92.59721847910308
4,11.20520306382948,0,74374,1016,184.94893598660673,62.42992502113862,98.0902219777707,32.57837660665186,63723.286337655874,86.90080439031013
1,10.544723077111628,0,57288,229,62.43212754618037,38.86154079467956,82.46398042015541,32.98993574940992,-54360.15736121179,94.10973650862958
4,8.783826443145887,0,51884,1021,56.28831570089528,40.38449573716529,95.57654200103744,30.61333340478837,41489.11871157695,80.33228725425444
8,2.168352103473018,0,55559,1500,26.128930818853267,19.93436406366705,48.66602275034547,29.77776090704979,40296.4455377753,
9,9.534649799166624,0,63125,1500,65.3815691184128,48.86702193891941,100.62084082282264,33.48367726227657,46405.18074093817,71.82231516065931
0,9.887530609199208,0,48688,46,54.50975307839308,36.70247564760144,65.56727823234478,31.546470555468403,48276.731258954016,96.21751551918992
9,9.445410794857716,0,68869,1500,68.75649244578945,49.01274869042276,80.7832791340505,-20.0,52562.95585750387,77.94237708514396
4,2.253624758311653,0,49023,932,,24.323820976260883,49.82818931265547,31.882747175752257,39587.27415855231,79.25618415300806
60,8.082987527745413,0,62100,1255,53.29096943477343,30.710223402364008,70.7312304850068,27.880819986029717,50371.46978929866,81.79890431096823
6,10.177572753243384,0,52423,1500,79.42095523287824,54.2838662971929,89.66968510386832,28.183081642194164,36824.54539832981,73.1701490119836
8,7.350887413416345,0,57213,1500,57.892963981710686,40.39441453172952,62.03821418740915,30.4544770098872,41292.79426731614,73.4283692666839
5,8.11048112750898,0,78158,1270,61.42465530248593,43.33557159220997,719.0,31.63523773094722,65877.38221885386,82.83043954953024
4,6.041998273689368,0,73460,927,51.147757317351896,36.09278609132822,59.59109566986248,27.494969088245856,-62730.1764793792,83.20028808052291
60,6.815780518724579,0,76017,8720,,40.16082319024602,81.93053332605191,29.632902634736773,61733.839549097866,80.04286435590305
0,1.3781454418689774,0,78000,78,21.78117976793349,22.99724554553009,,27.4367566978562,78000.0,100.0
4,8.02859324170613,0,71502,6865,54.53816623286639,35.79500206802653,64.54420274765488,32.83359355035971,60893.60735307317,84.78862763640251
1,1.8959193418027511,0,75990,270,19.761746370412947,,43.1823391014256,27.50959440624491,72461.96667133154,97.4000271445305
3,5.785160537742457,1,64515,13012,71.03894383756383,74.93247343029219,95.70433452079358,150.0,58508.62663803877,91.69064940873348
6,4.219206074341486,0,74991,1466,34.54154196027983,16.984524892350773,48.79965055371872,28.7751087508538,-60406.58982136281,79.4558316184702
-3,6.999707452328844,0,52634,1036,50.325837512593054,36.30061057787157,68.01243615591264,30.435537999023133,43563.957380210726,84.03681327525423
5,2.467579690755278,0,56498,11318,35.32937869129391,18.009047857938885,47.51710694786728,26.73714029822186,45044.134362639015,81.98658114602591
1,8.6080774217065,1,55916,228,77.52791300140177,83.01185006283137,114.66811185253634,35.35422653411845,52837.16232281364,93.84407714229158
2,9.745126906213176,0,74377,545,70.45030591145394,51.40341707520928,79.0185824589615,33.59596467850893,68226.00143733682,92.44934498574725
6,2.796898947174721,0,78001,1409,23.92511484324268,18.295943021487314,47.79884938228831,,64416.8552717236,81.27279590918377
1,2.147443960870704,0,46391,149,189.2560793859203,10.156738294712198,596.0,25.403649394773343,44984.529460286656,96.75560493706398
5,2.600670310660951,1,59184,1160,54.381362270996746,56.04898631187295,69.41671474522946,30.005846854726048,47357.42445156268,78.67926734659478
4,10.64840318088352,0,72114,1020,77.51340045174592,52.26019608192305,86.2827693771917,32.50596807265501,62091.91056357644,87.96137113551954
9,6.810081879319918,0,56882,1500,46.55062054177007,175.3925301523314,59.00496679337824,25.404578481835877,40735.5487103847,70.86146511526238
0,6.139870956082529,1,62273,52,78.3065944135587,77.73142103691416,102.91825372152758,34.19649420627818,62155.25594067534,100.0
9,2.173830010125897,0,62129,1500,28.735483442010658,13.503131619742566,44.38026753279835,-20.0,44424.61828582149,72.45670639055906
3,8.14511607432658,0,45427,862,49.9255466210301,36.82589164412894,60.94118216182659,150.0,38004.35761213663,120.0
1,10.54799551084599,0,76416,175,67.25612579353775,41.06767092118748,88.640539783308,31.51199712824938,75542.88858638823,-10.0
3,10.110044562557984,0,45731,769,71.57185412832516,43.58296505925044,93.19685555841929,30.948868862779808,39527.10272490823,85.26821726555825
0,7.886601798788814,0,45799,0,50.06683493972916,36.86047279258472,78.34569437557948,31.045672278115845,45799.0,99.89167024305436
1,1.82806588316841,1,73873,286,58.28515746324839,63.778686748219634,65.11607633301648,29.19144558314308,72223.03661389134,96.49071370243811
60,6.815780518724579,0,76017,8720,,40.16082319024602,81.93053332605191,29.632902634736773,61733.839549097866,80.04286435590305
2,3.4064887925196765,0,47576,368,,21.52932635003477,353.0,31.93505951418627,-43580.28318137182,92.91338380638082
6,9.790737682152605,0,45788,1438,,42.16151853694508,79.3770006243188,150.0,30873.303563796264,68.5394041510499
2,5.145535683819074,0,57638,512,,25.404390729177504,71.17788744957497,30.96812221324154,52912.445323956905,88.02079816006687
6,11.884558667227546,0,47956,1445,,59.283088975684215,99.27178642374508,31.21321412597763,32294.94990376057,67.95477282919298
0,9.555007010745724,0,70019,33,,,61.17546584687023,28.07073099312827,70019.0,100.0
5,8.667265826047295,0,66823,1274,,41.06341357692757,,29.895705667156022,54941.55413915772,80.87872808628465
1,4.108052942705028,0,49102,242,,19.850533799346408,55.5220973076168,27.33388853823068,48528.76377834917,98.81146941011109
2,9.558509371315193,0,48239,472,,41.84042387018808,,26.81024235879646,41867.48994004706,84.73190227975327
9,11.81241567510171,0,72007,1500,,44.35571741561932,77.75390895634189,29.43680022612519,54119.970338764906,150.0
3,3.3000710104857567,0,49019,754,,18.08741990515852,58.80523834515382,27.17452127983817,40505.49232523843,
0,3.03804535366894,0,60702,82,,16.34296410421831,764.0,25.461046646824016,59135.57175312831,98.46662267716437
2,10.263819143154192,0,55067,13952,,45.80186187950837,672.0,33.67138927573795,49312.81468977919,88.3046280762455
9,9.777978387411464,0,45897,1500,,43.65674246651107,486.0,34.93306827550265,28824.085691618748,
9,5.329108697169471,0,55006,1500,,29.79020022116024,51.46457548555763,31.428092926909944,38587.6182967963,69.97107929088064
3,6.735147236211153,0,48175,8597,,178.25863149534882,73.13944716715734,30.585104421444143,-39752.44353263054,150.0
6,9.958223127359895,0,45364,1500,,41.97934787731446,76.07198580756088,31.68311394765369,30533.7817564869,150.0
3,10.515782093129332,0,70428,10507,,58.55420818695316,87.35888957217679,31.907617246260493,62208.604302481785,85.97298758962522
1,9.265656492844329,0,50206,260,,44.44092517407708,552.0,-5.0,47016.98837822871,92.09719778335948
6,4.801375444578944,0,77345,1469,,23.147324026168533,39.65309328842618,27.72575097327735,62066.44315382267,81.17864393569461
